/*
 Navicat Premium Data Transfer

 Source Server         : root
 Source Server Type    : MySQL
 Source Server Version : 80016
 Source Host           : localhost:3306
 Source Schema         : project

 Target Server Type    : MySQL
 Target Server Version : 50699
 File Encoding         : 65001

 Date: 07/12/2020 16:37:22
*/

SET NAMES utf8;
SET FOREIGN_KEY_CHECKS = 0;

-- ----------------------------
-- Table structure for search
-- ----------------------------
DROP TABLE IF EXISTS `search`;
CREATE TABLE `search`  (
  `content` varchar(20) CHARACTER SET utf8mb4 COLLATE utf8mb4_0900_ai_ci NOT NULL
) ENGINE = InnoDB CHARACTER SET = utf8mb4 COLLATE = utf8mb4_0900_ai_ci;

-- ----------------------------
-- Records of search
-- ----------------------------
BEGIN;
INSERT INTO `search` VALUES ('米'), ('米'), ('麻辣烫'), ('麻辣烫'), ('天下好面'), ('天下好面'), ('天下好面'), ('天下好面'), ('天下好面'), ('天下好面'), ('天下好面'), ('天下好面'), ('面'), ('串串'), ('自选餐'), ('饮品'), ('甜'), ('甜点'), ('米饭'), ('米饭'), ('麻辣烫'), ('麻辣烫'), ('麻辣烫'), ('麻辣烫'), ('天下好眠'), ('天下好面'), ('天下好面'), ('天下好面'), ('天下好面'), ('西西里'), ('西西里'), ('面'), ('西西里餐厅'), ('民族餐厅'), ('天下好面'), ('麻辣烫'), ('面'), ('米饭'), ('天下好面'), ('天下好面'), ('米饭'), ('米饭'), ('米饭'), ('米饭'), ('面'), ('面'), ('面'), ('面'), ('面'), ('面'), ('面'), ('面'), ('面'), ('面'), ('面'), ('面'), ('面'), ('面'), ('面'), ('米饭'), ('米饭'), ('米饭'), ('米饭'), ('米饭'), ('面'), ('麻辣烫'), ('麻辣烫'), ('麻辣烫'), ('麻辣烫'), ('麻辣烫'), ('面'), ('面'), ('面'), ('面'), ('面'), ('面'), ('面'), ('面'), ('面'), ('面'), ('面'), ('面'), ('面'), ('面'), ('面'), ('面'), ('面'), ('面'), ('汤'), ('面'), ('面'), ('面'), ('面'), ('面'), ('面'), ('面'), ('面'), ('面'), ('面'), ('面'), ('面'), ('面'), ('面'), ('面'), ('面'), ('面'), ('面'), ('面'), ('面'), ('面'), ('面'), ('面'), ('面'), ('面'), ('面'), ('面'), ('面'), ('面'), ('面'), ('面'), ('面'), ('米饭'), ('null'), ('面'), ('面'), ('面'), ('null'), ('null'), ('面'), ('面'), ('面'), ('面'), ('面'), ('面'), ('面'), ('面'), ('面'), ('面'), ('面'), ('面'), ('面'), ('面'), ('面'), ('面'), ('面'), ('面'), ('面'), ('麻辣烫'), ('麻辣烫'), ('麻辣烫'), ('麻辣烫'), ('天下好面'), ('麻辣烫'), ('天下好面'), ('面'), ('麻辣烫'), ('天下好面'), ('米饭'), ('麻辣烫'), ('米饭'), ('麻辣烫'), ('麻辣烫'), ('麻辣烫'), ('米饭'), ('天下好面'), ('天下好面');
COMMIT;

-- ----------------------------
-- Table structure for shop_browser
-- ----------------------------
DROP TABLE IF EXISTS `shop_browser`;
CREATE TABLE `shop_browser`  (
  `_id` int(10) UNSIGNED NOT NULL AUTO_INCREMENT,
  `sid` int(10) UNSIGNED NOT NULL,
  `time` timestamp(0) NOT NULL DEFAULT CURRENT_TIMESTAMP(0),
  PRIMARY KEY (`_id`) USING BTREE
) ENGINE = InnoDB AUTO_INCREMENT = 407 CHARACTER SET = utf8mb4 COLLATE = utf8mb4_0900_ai_ci;

-- ----------------------------
-- Records of shop_browser
-- ----------------------------
BEGIN;
INSERT INTO `shop_browser` VALUES (1, 1, '2020-11-10 23:02:51'), (2, 1, '2020-11-10 23:02:51'), (3, 1, '2020-11-10 23:02:51'), (4, 1, '2020-11-10 23:02:51'), (5, 1, '2020-11-10 23:02:51'), (6, 1, '2020-11-10 23:02:51'), (7, 1, '2020-11-10 23:02:51'), (8, 1, '2020-11-10 23:02:51'), (9, 5, '2020-11-10 23:02:51'), (10, 5, '2020-11-10 23:02:51'), (11, 5, '2020-11-10 23:02:51'), (12, 5, '2020-11-10 23:02:51'), (13, 5, '2020-11-10 23:02:51'), (14, 5, '2020-11-10 23:02:51'), (15, 5, '2020-11-10 23:02:51'), (16, 5, '2020-11-10 23:02:51'), (17, 1, '2020-10-01 16:00:00'), (18, 1, '2020-10-01 16:00:00'), (19, 1, '2020-10-01 16:00:00'), (20, 1, '2020-10-01 16:00:00'), (21, 1, '2020-10-01 16:00:00'), (22, 1, '2020-10-01 16:00:00'), (23, 1, '2020-10-01 16:00:00'), (24, 1, '2020-10-01 16:00:00'), (25, 5, '2020-10-01 16:00:00'), (26, 5, '2020-10-01 16:00:00'), (27, 5, '2020-10-01 16:00:00'), (28, 5, '2020-10-01 16:00:00'), (29, 5, '2020-10-01 16:00:00'), (30, 5, '2020-10-01 16:00:00'), (31, 5, '2020-10-01 16:00:00'), (32, 5, '2020-10-01 16:00:00'), (33, 1, '2020-11-23 21:13:15'), (34, 1, '2020-11-25 23:06:56'), (35, 1, '2020-11-25 23:06:58'), (36, 1, '2020-11-25 23:06:59'), (37, 1, '2020-11-25 23:07:00'), (38, 1, '2020-11-25 23:07:00'), (39, 1, '2020-11-25 23:07:03'), (40, 1, '2020-11-25 23:34:19'), (41, 1, '2020-11-25 23:34:21'), (42, 1, '2020-11-25 23:34:22'), (43, 1, '2020-11-25 23:34:23'), (44, 1, '2020-11-25 23:34:24'), (45, 1, '2020-11-25 23:34:24'), (46, 1, '2020-11-25 23:34:25'), (47, 1, '2020-11-25 23:34:27'), (48, 1, '2020-11-25 23:34:27'), (49, 1, '2020-11-25 23:34:28'), (50, 1, '2020-11-25 23:34:28'), (51, 1, '2020-11-25 23:34:29'), (52, 1, '2020-11-25 23:34:30'), (53, 1, '2020-11-25 23:34:30'), (54, 1, '2020-11-25 23:35:18'), (55, 1, '2020-11-25 23:35:19'), (56, 1, '2020-11-25 23:35:20'), (57, 1, '2020-11-25 23:37:42'), (58, 1, '2020-11-25 23:38:55'), (59, 1, '2020-12-01 15:35:21'), (60, 22, '2020-12-01 16:16:00'), (61, 1, '2020-12-01 16:23:44'), (62, 1, '2020-12-01 16:25:59'), (63, 1, '2020-12-01 16:25:59'), (64, 1, '2020-12-01 16:26:00'), (65, 3, '2020-12-01 16:26:50'), (66, 2, '2020-12-01 16:39:14'), (67, 3, '2020-12-01 16:39:18'), (68, 3, '2020-12-01 16:57:30'), (69, 2, '2020-12-01 16:57:35'), (70, 1, '2020-12-01 17:06:41'), (71, 18, '2020-12-01 17:15:06'), (72, 10, '2020-12-01 17:30:47'), (73, 5, '2020-12-02 00:36:56'), (74, 5, '2020-12-02 00:42:47'), (75, 1, '2020-12-02 10:31:55'), (76, 1, '2020-12-02 10:33:54'), (77, 20, '2020-12-02 13:32:47'), (78, 2, '2020-12-02 13:32:51'), (79, 8, '2020-12-02 17:44:10'), (80, 20, '2020-12-02 17:46:15'), (81, 6, '2020-12-02 20:55:39'), (82, 3, '2020-12-02 21:40:44'), (83, 10, '2020-12-02 23:43:21'), (84, 1, '2020-12-03 11:45:50'), (85, 41, '2020-12-03 13:11:59'), (86, 1, '2020-12-03 13:35:52'), (87, 3, '2020-12-06 13:25:57'), (88, 1, '2020-12-06 15:48:49'), (89, 1, '2020-12-06 15:49:47'), (90, 1, '2020-12-06 15:50:44'), (91, 1, '2020-12-06 15:51:35'), (92, 1, '2020-12-06 15:52:06'), (93, 1, '2020-12-06 15:52:08'), (94, 1, '2020-12-06 15:54:51'), (95, 1, '2020-12-06 15:55:03'), (96, 1, '2020-12-06 15:55:17'), (97, 1, '2020-12-06 15:56:10'), (98, 1, '2020-12-06 15:56:17'), (99, 1, '2020-12-06 15:56:41'), (100, 1, '2020-12-06 15:56:55'), (101, 1, '2020-12-06 15:57:00'), (102, 1, '2020-12-06 15:58:20'), (103, 1, '2020-12-06 15:58:54'), (104, 1, '2020-12-06 15:59:23'), (105, 1, '2020-12-06 15:59:40'), (106, 1, '2020-12-06 15:59:48'), (107, 1, '2020-12-06 16:00:07'), (108, 1, '2020-12-06 16:00:08'), (109, 1, '2020-12-06 16:00:08'), (110, 1, '2020-12-06 16:00:09'), (111, 1, '2020-12-06 16:00:30'), (112, 1, '2020-12-06 16:00:31'), (113, 1, '2020-12-06 16:00:31'), (114, 1, '2020-12-06 16:00:32'), (115, 1, '2020-12-06 16:00:32'), (116, 1, '2020-12-06 16:00:33'), (117, 1, '2020-12-06 16:00:34'), (118, 1, '2020-12-06 16:00:34'), (119, 1, '2020-12-06 16:00:37'), (120, 1, '2020-12-06 16:00:38'), (121, 1, '2020-12-06 16:00:38'), (122, 1, '2020-12-06 16:00:39'), (123, 1, '2020-12-06 16:00:40'), (124, 1, '2020-12-06 16:00:40'), (125, 1, '2020-12-06 16:00:41'), (126, 1, '2020-12-06 16:00:42'), (127, 1, '2020-12-06 16:00:42'), (128, 1, '2020-12-06 16:00:43'), (129, 1, '2020-12-06 16:00:43'), (130, 1, '2020-12-06 16:00:44'), (131, 1, '2020-12-06 16:00:44'), (132, 1, '2020-12-06 16:00:44'), (133, 1, '2020-12-06 16:00:44'), (134, 1, '2020-12-06 16:00:44'), (135, 1, '2020-12-06 16:00:45'), (136, 1, '2020-12-06 16:00:45'), (137, 1, '2020-12-06 16:00:48'), (138, 1, '2020-12-06 16:00:52'), (139, 1, '2020-12-06 16:02:40'), (140, 1, '2020-12-06 16:02:49'), (141, 1, '2020-12-06 16:03:32'), (142, 1, '2020-12-06 16:03:41'), (143, 1, '2020-12-06 16:04:41'), (144, 1, '2020-12-06 16:05:50'), (145, 1, '2020-12-06 16:06:02'), (146, 1, '2020-12-06 16:06:27'), (147, 1, '2020-12-06 16:06:55'), (148, 1, '2020-12-06 16:07:17'), (149, 1, '2020-12-06 16:07:23'), (150, 1, '2020-12-06 16:07:27'), (151, 1, '2020-12-06 16:07:32'), (152, 1, '2020-12-06 16:09:40'), (153, 1, '2020-12-06 16:10:37'), (154, 1, '2020-12-06 16:11:03'), (155, 1, '2020-12-06 16:11:10'), (156, 1, '2020-12-06 16:11:26'), (157, 1, '2020-12-06 16:11:39'), (158, 1, '2020-12-06 16:16:40'), (159, 1, '2020-12-06 16:16:57'), (160, 1, '2020-12-06 16:17:34'), (161, 1, '2020-12-06 16:24:08'), (162, 1, '2020-12-06 16:25:58'), (163, 1, '2020-12-06 16:26:30'), (164, 1, '2020-12-06 16:26:47'), (165, 1, '2020-12-06 16:28:20'), (166, 1, '2020-12-06 16:28:25'), (167, 1, '2020-12-06 16:28:30'), (168, 1, '2020-12-06 16:33:52'), (169, 1, '2020-12-06 16:36:40'), (170, 1, '2020-12-06 16:37:00'), (171, 1, '2020-12-06 16:37:10'), (172, 1, '2020-12-06 16:37:21'), (173, 1, '2020-12-06 16:40:21'), (174, 1, '2020-12-06 16:40:56'), (175, 1, '2020-12-06 16:42:48'), (176, 1, '2020-12-06 16:44:44'), (177, 1, '2020-12-06 17:01:46'), (178, 1, '2020-12-06 17:02:28'), (179, 1, '2020-12-06 17:03:21'), (180, 1, '2020-12-06 17:06:06'), (181, 1, '2020-12-06 17:07:32'), (182, 1, '2020-12-06 17:08:34'), (183, 1, '2020-12-06 17:08:51'), (184, 1, '2020-12-06 17:08:52'), (185, 1, '2020-12-06 17:08:53'), (186, 1, '2020-12-06 17:09:16'), (187, 1, '2020-12-06 17:14:08'), (188, 1, '2020-12-06 17:14:33'), (189, 1, '2020-12-06 17:14:50'), (190, 1, '2020-12-06 17:17:35'), (191, 1, '2020-12-06 17:18:02'), (192, 1, '2020-12-06 17:18:50'), (193, 1, '2020-12-06 17:19:33'), (194, 1, '2020-12-06 17:20:03'), (195, 1, '2020-12-06 17:20:27'), (196, 1, '2020-12-06 17:20:41'), (197, 1, '2020-12-06 17:20:59'), (198, 1, '2020-12-06 17:21:11'), (199, 1, '2020-12-06 17:21:54'), (200, 1, '2020-12-06 17:22:01'), (201, 1, '2020-12-06 17:22:08'), (202, 1, '2020-12-06 17:22:26'), (203, 1, '2020-12-06 17:22:31'), (204, 1, '2020-12-06 17:23:14'), (205, 1, '2020-12-06 17:25:51'), (206, 1, '2020-12-06 17:26:41'), (207, 1, '2020-12-06 17:28:19'), (208, 1, '2020-12-06 17:28:36'), (209, 1, '2020-12-06 17:29:21'), (210, 1, '2020-12-06 17:29:54'), (211, 1, '2020-12-06 17:29:56'), (212, 1, '2020-12-06 17:33:21'), (213, 1, '2020-12-06 17:34:19'), (214, 1, '2020-12-06 17:35:14'), (215, 2, '2020-12-06 17:35:31'), (216, 10, '2020-12-06 17:35:42'), (217, 2, '2020-12-06 17:35:48'), (218, 15, '2020-12-06 17:35:53'), (219, 15, '2020-12-06 17:36:18'), (220, 1, '2020-12-06 17:36:58'), (221, 1, '2020-12-06 17:42:20'), (222, 1, '2020-12-06 17:53:16'), (223, 1, '2020-12-06 17:53:52'), (224, 1, '2020-12-06 17:53:53'), (225, 1, '2020-12-06 17:55:57'), (226, 1, '2020-12-06 17:57:41'), (227, 1, '2020-12-06 17:57:42'), (228, 1, '2020-12-06 17:57:43'), (229, 1, '2020-12-06 17:57:44'), (230, 1, '2020-12-06 17:57:44'), (231, 1, '2020-12-06 17:58:32'), (232, 1, '2020-12-06 17:59:25'), (233, 1, '2020-12-06 17:59:28'), (234, 1, '2020-12-06 17:59:32'), (235, 1, '2020-12-06 18:03:54'), (236, 1, '2020-12-06 18:06:01'), (237, 1, '2020-12-06 18:07:26'), (238, 1, '2020-12-06 18:09:31'), (239, 1, '2020-12-06 18:09:35'), (240, 1, '2020-12-06 18:13:07'), (241, 1, '2020-12-06 18:13:46'), (242, 1, '2020-12-06 18:14:58'), (243, 1, '2020-12-06 18:15:37'), (244, 1, '2020-12-06 18:15:42'), (245, 1, '2020-12-06 18:15:48'), (246, 1, '2020-12-06 18:16:37'), (247, 1, '2020-12-06 18:18:18'), (248, 1, '2020-12-06 18:19:49'), (249, 1, '2020-12-06 18:29:15'), (250, 1, '2020-12-06 18:31:04'), (251, 1, '2020-12-06 18:32:04'), (252, 1, '2020-12-06 18:32:12'), (253, 1, '2020-12-06 18:38:10'), (254, 1, '2020-12-06 18:39:53'), (255, 1, '2020-12-06 20:19:49'), (256, 1, '2020-12-06 20:22:49'), (257, 1, '2020-12-06 20:24:10'), (258, 1, '2020-12-06 20:26:56'), (259, 1, '2020-12-06 20:27:32'), (260, 1, '2020-12-06 20:29:19'), (261, 1, '2020-12-06 20:29:32'), (262, 1, '2020-12-06 20:31:20'), (263, 1, '2020-12-06 20:31:25'), (264, 1, '2020-12-06 20:32:39'), (265, 1, '2020-12-06 20:33:27'), (266, 1, '2020-12-06 20:33:28'), (267, 1, '2020-12-06 20:33:29'), (268, 1, '2020-12-06 20:33:30'), (269, 1, '2020-12-06 20:33:42'), (270, 1, '2020-12-06 20:35:10'), (271, 1, '2020-12-06 20:35:12'), (272, 1, '2020-12-06 20:35:12'), (273, 1, '2020-12-06 20:35:13'), (274, 1, '2020-12-06 20:35:15'), (275, 1, '2020-12-06 20:35:32'), (276, 1, '2020-12-06 20:39:49'), (277, 1, '2020-12-06 20:41:02'), (278, 1, '2020-12-06 20:41:14'), (279, 1, '2020-12-06 20:42:23'), (280, 1, '2020-12-06 20:43:50'), (281, 1, '2020-12-06 20:45:01'), (282, 1, '2020-12-06 20:45:25'), (283, 1, '2020-12-06 20:49:00'), (284, 1, '2020-12-06 20:49:19'), (285, 1, '2020-12-06 20:49:36'), (286, 1, '2020-12-06 20:50:04'), (287, 1, '2020-12-06 20:51:07'), (288, 1, '2020-12-06 20:51:22'), (289, 1, '2020-12-06 20:52:00'), (290, 1, '2020-12-06 20:52:11'), (291, 1, '2020-12-06 20:52:18'), (292, 1, '2020-12-06 20:52:23'), (293, 1, '2020-12-06 20:52:55'), (294, 1, '2020-12-06 20:53:29'), (295, 1, '2020-12-06 20:54:30'), (296, 1, '2020-12-06 20:54:46'), (297, 1, '2020-12-06 20:55:00'), (298, 1, '2020-12-06 20:55:32'), (299, 1, '2020-12-06 20:56:03'), (300, 1, '2020-12-06 20:56:38'), (301, 1, '2020-12-06 21:00:31'), (302, 1, '2020-12-06 21:01:48'), (303, 1, '2020-12-06 21:03:01'), (304, 1, '2020-12-06 21:03:02'), (305, 1, '2020-12-06 21:04:26'), (306, 1, '2020-12-06 21:05:29'), (307, 1, '2020-12-06 21:11:19'), (308, 1, '2020-12-06 21:17:51'), (309, 1, '2020-12-06 21:18:51'), (310, 1, '2020-12-06 21:18:55'), (311, 1, '2020-12-06 21:19:09'), (312, 1, '2020-12-06 21:19:32'), (313, 1, '2020-12-06 21:19:37'), (314, 1, '2020-12-06 21:20:07'), (315, 1, '2020-12-06 21:20:51'), (316, 1, '2020-12-06 21:21:54'), (317, 1, '2020-12-06 21:22:35'), (318, 1, '2020-12-06 21:22:54'), (319, 1, '2020-12-06 21:24:02'), (320, 1, '2020-12-06 21:24:33'), (321, 1, '2020-12-06 21:24:43'), (322, 1, '2020-12-06 21:25:51'), (323, 1, '2020-12-06 21:26:25'), (324, 1, '2020-12-06 21:27:07'), (325, 1, '2020-12-06 21:27:18'), (326, 1, '2020-12-06 21:27:29'), (327, 1, '2020-12-06 21:28:28'), (328, 1, '2020-12-06 21:29:07'), (329, 1, '2020-12-06 21:29:37'), (330, 1, '2020-12-06 21:29:49'), (331, 1, '2020-12-06 21:30:00'), (332, 1, '2020-12-06 21:30:20'), (333, 1, '2020-12-06 21:30:46'), (334, 1, '2020-12-06 21:32:35'), (335, 1, '2020-12-06 21:33:53'), (336, 1, '2020-12-06 21:34:10'), (337, 1, '2020-12-06 21:34:41'), (338, 1, '2020-12-06 21:34:55'), (339, 1, '2020-12-06 21:35:53'), (340, 1, '2020-12-06 21:38:19'), (341, 1, '2020-12-06 21:39:14'), (342, 1, '2020-12-06 21:41:36'), (343, 1, '2020-12-06 21:41:41'), (344, 1, '2020-12-06 21:42:12'), (345, 1, '2020-12-06 21:42:22'), (346, 1, '2020-12-06 21:42:58'), (347, 1, '2020-12-06 21:44:28'), (348, 1, '2020-12-06 21:44:47'), (349, 1, '2020-12-06 21:45:13'), (350, 1, '2020-12-06 21:45:51'), (351, 1, '2020-12-06 21:46:48'), (352, 1, '2020-12-06 21:50:11'), (353, 1, '2020-12-06 21:50:24'), (354, 1, '2020-12-06 21:54:30'), (355, 1, '2020-12-06 21:56:21'), (356, 1, '2020-12-06 21:57:23'), (357, 1, '2020-12-06 21:58:10'), (358, 1, '2020-12-06 21:59:47'), (359, 1, '2020-12-06 22:01:25'), (360, 1, '2020-12-06 22:03:26'), (361, 1, '2020-12-06 22:04:12'), (362, 1, '2020-12-06 22:07:22'), (363, 1, '2020-12-06 22:07:26'), (364, 1, '2020-12-06 22:08:03'), (365, 1, '2020-12-06 22:10:48'), (366, 1, '2020-12-06 22:11:02'), (367, 1, '2020-12-06 22:13:52'), (368, 1, '2020-12-06 22:14:03'), (369, 1, '2020-12-06 22:27:00'), (370, 1, '2020-12-06 22:27:30'), (371, 1, '2020-12-06 22:29:01'), (372, 1, '2020-12-06 22:29:53'), (373, 1, '2020-12-06 22:30:34'), (374, 1, '2020-12-06 22:31:44'), (375, 1, '2020-12-06 22:31:58'), (376, 1, '2020-12-06 22:32:46'), (377, 1, '2020-12-06 22:33:52'), (378, 1, '2020-12-06 22:35:25'), (379, 1, '2020-12-06 22:36:32'), (380, 1, '2020-12-06 22:37:29'), (381, 1, '2020-12-06 22:41:02'), (382, 1, '2020-12-06 22:41:37'), (383, 1, '2020-12-06 22:42:22'), (384, 1, '2020-12-06 22:48:01'), (385, 1, '2020-12-06 22:51:01'), (386, 1, '2020-12-06 22:51:44'), (387, 3, '2020-12-06 22:53:18'), (388, 3, '2020-12-06 22:53:32'), (389, 2, '2020-12-06 22:53:35'), (390, 1, '2020-12-06 23:00:27'), (391, 1, '2020-12-06 23:01:25'), (392, 1, '2020-12-06 23:01:37'), (393, 1, '2020-12-06 23:03:12'), (394, 1, '2020-12-07 12:31:05'), (395, 1, '2020-12-07 12:31:40'), (396, 1, '2020-12-07 12:36:04'), (397, 1, '2020-12-07 12:36:09'), (398, 1, '2020-12-07 12:36:10'), (399, 1, '2020-12-07 12:36:10'), (400, 1, '2020-12-07 12:36:11'), (401, 1, '2020-12-07 12:36:12'), (402, 1, '2020-12-07 12:36:12'), (403, 1, '2020-12-07 12:36:13'), (404, 1, '2020-12-07 12:36:13'), (405, 1, '2020-12-07 15:43:27'), (406, 1, '2020-12-07 15:44:41');
COMMIT;

-- ----------------------------
-- Table structure for shop_category
-- ----------------------------
DROP TABLE IF EXISTS `shop_category`;
CREATE TABLE `shop_category`  (
  `cid` int(10) UNSIGNED NOT NULL AUTO_INCREMENT,
  `sid` int(10) UNSIGNED NOT NULL,
  `content` varchar(10) CHARACTER SET utf8mb4 COLLATE utf8mb4_0900_ai_ci NOT NULL,
  PRIMARY KEY (`cid`) USING BTREE
) ENGINE = InnoDB AUTO_INCREMENT = 112 CHARACTER SET = utf8mb4 COLLATE = utf8mb4_0900_ai_ci;

-- ----------------------------
-- Records of shop_category
-- ----------------------------
BEGIN;
INSERT INTO `shop_category` VALUES (1, 1, '酸辣粉'), (2, 1, '面'), (3, 2, '花甲'), (4, 2, '花甲面'), (5, 3, '烙馍'), (6, 3, '粥'), (7, 3, '卷菜'), (8, 3, '早餐'), (9, 5, '烤全鱼'), (10, 5, '啤酒鸭'), (11, 6, '石锅饭'), (12, 6, '米'), (13, 8, '麻辣烫'), (14, 8, '面'), (15, 10, '拉面'), (16, 10, '牛肉面'), (17, 11, '土豆粉'), (18, 11, '渔粉'), (19, 11, '面'), (20, 13, '鸡腿饭'), (21, 13, '热干面'), (22, 14, '盖浇饭'), (23, 14, '烤鱼饭'), (24, 15, '黄焖鸡'), (25, 15, '米饭'), (26, 16, '麻辣烫'), (27, 16, '面'), (28, 17, '奶茶'), (29, 17, '果茶'), (30, 17, '饮品'), (31, 18, '早餐'), (32, 18, '午餐'), (33, 19, '牛肉汤'), (34, 19, '羊肉汤'), (35, 19, '汤'), (36, 20, '砂锅面'), (37, 20, '面'), (38, 20, '刀削面'), (39, 22, '快餐'), (40, 22, '小吃'), (41, 22, '汉堡'), (42, 23, '米'), (43, 23, '汤'), (44, 24, '米'), (45, 24, '黄焖鸡'), (46, 25, '茶饮'), (47, 25, '奶茶'), (48, 26, '面'), (49, 27, '泡馍'), (50, 28, '烩菜'), (51, 29, '面'), (52, 29, '水饺'), (53, 30, '蛋挞'), (54, 30, '芒果酥'), (55, 31, '面'), (56, 31, '石锅饭'), (57, 32, '肉'), (58, 32, '叉骨'), (59, 33, '水饺'), (60, 34, '小火锅'), (61, 35, '面'), (62, 35, '粉'), (63, 36, '鸡排'), (64, 38, '面'), (65, 38, '粉'), (66, 39, '米'), (67, 39, '面'), (68, 40, '抹茶'), (69, 41, '米'), (70, 41, '自选餐'), (71, 42, '麻辣烫'), (72, 43, '蛋包饭'), (73, 44, '套餐饭'), (74, 44, '米'), (75, 44, '自选餐'), (76, 45, '饺子'), (77, 46, '焖饭'), (78, 46, '米'), (79, 47, '汤面'), (80, 47, '拌面'), (81, 47, '油泼面'), (82, 47, '爆炒'), (83, 48, '汤面'), (84, 48, '拌面'), (85, 49, '拉面'), (86, 49, '拌面'), (87, 49, '炒面'), (88, 49, '盖浇面'), (89, 50, '拉面'), (90, 50, '拌面'), (91, 50, '油泼面'), (92, 51, '自选餐'), (93, 52, '麻辣香锅'), (94, 53, '脆皮鸡饭'), (95, 53, '烤肉饭'), (96, 53, '米'), (97, 55, '脆皮鸡棒'), (98, 55, '叉骨'), (99, 55, '冷面'), (100, 56, '花甲粉'), (101, 56, '花甲面'), (102, 57, '鱿鱼'), (103, 57, '鸭肠'), (104, 57, '小串'), (105, 58, '骨汤面'), (106, 58, '拌面'), (107, 58, '炸酱面'), (108, 59, '面包'), (109, 59, '蛋糕'), (110, 60, '茶泡饭'), (111, 60, '米');
COMMIT;

-- ----------------------------
-- Table structure for shop_comment
-- ----------------------------
DROP TABLE IF EXISTS `shop_comment`;
CREATE TABLE `shop_comment`  (
  `_id` int(10) UNSIGNED NOT NULL AUTO_INCREMENT,
  `sid` int(10) UNSIGNED NOT NULL,
  `uid` int(10) UNSIGNED NOT NULL,
  `score` float UNSIGNED NOT NULL,
  `content` varchar(255) CHARACTER SET utf8mb4 COLLATE utf8mb4_0900_ai_ci NOT NULL,
  `imglist` json NULL,
  `response` varchar(255) CHARACTER SET utf8mb4 COLLATE utf8mb4_0900_ai_ci NULL DEFAULT NULL,
  `time` timestamp(0) NOT NULL DEFAULT CURRENT_TIMESTAMP(0),
  PRIMARY KEY (`_id`) USING BTREE
) ENGINE = InnoDB AUTO_INCREMENT = 21 CHARACTER SET = utf8mb4 COLLATE = utf8mb4_0900_ai_ci;

-- ----------------------------
-- Records of shop_comment
-- ----------------------------
BEGIN;
INSERT INTO `shop_comment` VALUES (1, 1, 1, 3.6, '我是测试评论1', '[\"/public/img/comment/default.jpg\"]', '亲, 写写你的评论哦', '2020-11-18 01:12:39'), (2, 1, 1, 3.5, '我是测试评论2', '[\"/public/img/comment/default.jpg\"]', NULL, '2020-11-18 01:12:39'), (3, 2, 1, 3.4, '我是测试评论3', '[\"/public/img/comment/default.jpg\"]', NULL, '2020-11-18 01:12:39'), (4, 2, 1, 3.3, '我是测试评论4', '[\"/public/img/comment/default.jpg\"]', NULL, '2020-11-18 01:12:39'), (5, 2, 1, 3.2, '我是测试评论5', '[\"/public/img/comment/default.jpg\"]', NULL, '2020-11-18 01:12:39'), (6, 2, 1, 3.1, '我是测试评论6', '[\"/public/img/comment/default.jpg\"]', NULL, '2020-11-18 01:12:39'), (10, 1, 1, 1, '很垃圾. 真的太难吃了', '[\"/public/img/comment/1606123546216.jpg\", \"/public/img/comment/1606123546217.jpg\", \"/public/img/comment/1606123546218.jpg\"]', NULL, '2020-11-23 17:25:46'), (11, 1, 1, 1, '很垃圾. 真的太难吃了', '[\"/public/img/comment/default.jpg\"]', NULL, '2020-11-23 17:28:15'), (12, 1, 1, 1, '很垃圾. 真的太难吃了', '[\"/public/img/comment/default.jpg\"]', NULL, '2020-11-23 17:29:17'), (13, 1, 1, 1, '很垃圾. 真的太难吃了', '[\"/public/img/comment/1606136154205.jpg\"]', NULL, '2020-11-23 20:55:54'), (20, 1, 2, 5, '这个饭,怎么说呢 , 挺不错的. ', '[\"/public/img/comment/1606379601261.jpg\", \"/public/img/comment/1606379601263.jpg\", \"/public/img/comment/1606379601264.jpg\", \"/public/img/comment/1606379601265.jpg\"]', NULL, '2020-11-26 16:33:21');
COMMIT;

-- ----------------------------
-- Table structure for shop_like
-- ----------------------------
DROP TABLE IF EXISTS `shop_like`;
CREATE TABLE `shop_like`  (
  `_id` int(10) UNSIGNED NOT NULL AUTO_INCREMENT,
  `sid` int(10) UNSIGNED NOT NULL,
  `uid` int(10) UNSIGNED NOT NULL,
  `time` timestamp(0) NOT NULL DEFAULT CURRENT_TIMESTAMP(0),
  PRIMARY KEY (`_id`) USING BTREE,
  UNIQUE INDEX `sid`(`sid`, `uid`) USING BTREE
) ENGINE = InnoDB AUTO_INCREMENT = 74 CHARACTER SET = utf8mb4 COLLATE = utf8mb4_0900_ai_ci;

-- ----------------------------
-- Records of shop_like
-- ----------------------------
BEGIN;
INSERT INTO `shop_like` VALUES (2, 1, 2, '2020-11-25 23:24:17'), (3, 1, 3, '2020-11-25 23:24:17'), (4, 1, 6, '2020-11-25 23:24:17'), (54, 5, 1, '2020-11-26 10:54:03'), (73, 1, 1, '2020-12-07 12:31:33');
COMMIT;

-- ----------------------------
-- Table structure for shop_menu
-- ----------------------------
DROP TABLE IF EXISTS `shop_menu`;
CREATE TABLE `shop_menu`  (
  `mid` int(11) UNSIGNED NOT NULL AUTO_INCREMENT,
  `sid` int(11) UNSIGNED NOT NULL,
  `mname` varchar(20) CHARACTER SET utf8mb4 COLLATE utf8mb4_0900_ai_ci NOT NULL,
  `mimg` varchar(255) CHARACTER SET utf8mb4 COLLATE utf8mb4_0900_ai_ci NOT NULL,
  `visibility` char(1) CHARACTER SET utf8mb4 COLLATE utf8mb4_0900_ai_ci NOT NULL DEFAULT '1',
  `mprice` decimal(5, 2) UNSIGNED NOT NULL,
  PRIMARY KEY (`mid`) USING BTREE
) ENGINE = InnoDB AUTO_INCREMENT = 815 CHARACTER SET = utf8mb4 COLLATE = utf8mb4_0900_ai_ci;

-- ----------------------------
-- Records of shop_menu
-- ----------------------------
BEGIN;
INSERT INTO `shop_menu` VALUES (312, 1, '热干面', '/public/img/default.jpg', '1', 7.00), (313, 1, '酸辣粉', '/public/img/default.jpg', '1', 8.00), (314, 1, '牛肉热干面', '/public/img/default.jpg', '1', 10.00), (315, 1, '牛肉米线', '/public/img/default.jpg', '1', 10.00), (316, 1, '牛肉面', '/public/img/default.jpg', '1', 10.00), (317, 1, '牛杂方便面', '/public/img/default.jpg', '1', 9.00), (318, 1, '牛杂米线', '/public/img/default.jpg', '1', 9.00), (319, 1, '牛杂粉', '/public/img/default.jpg', '1', 9.00), (320, 1, '牛杂面', '/public/img/default.jpg', '1', 9.00), (321, 1, '素面', '/public/img/default.jpg', '1', 7.00), (322, 1, '牛杂', '/public/img/default.jpg', '1', 3.00), (323, 2, '锡纸秘制花甲烩面', '/public/img/default.jpg', '1', 10.00), (324, 2, '锡纸秘制花甲方便面', '/public/img/default.jpg', '1', 10.00), (325, 2, '锡纸秘制花甲土豆粉', '/public/img/default.jpg', '1', 10.00), (326, 2, '锡纸秘制纯花甲', '/public/img/default.jpg', '1', 11.00), (327, 2, '锡纸秘制花甲粉', '/public/img/default.jpg', '1', 10.00), (328, 2, '锡纸秘制汤粉', '/public/img/default.jpg', '1', 8.00), (329, 2, '锡纸秘制方便面', '/public/img/default.jpg', '1', 8.00), (330, 2, '锡纸秘制烩面', '/public/img/default.jpg', '1', 8.00), (331, 2, '锡纸秘制土豆粉', '/public/img/default.jpg', '1', 8.00), (332, 2, '金针菇', '/public/img/default.jpg', '1', 2.00), (333, 2, '烩面片', '/public/img/default.jpg', '1', 1.00), (334, 2, '粉丝', '/public/img/default.jpg', '1', 1.00), (335, 2, '方便面', '/public/img/default.jpg', '1', 1.00), (336, 3, '烙馍卷菜', '/public/img/default.jpg', '1', 5.00), (337, 3, '玉米汁', '/public/img/default.jpg', '1', 4.00), (338, 3, '紫薯山药粥', '/public/img/default.jpg', '1', 4.00), (339, 3, '玉米南瓜粥', '/public/img/default.jpg', '1', 3.00), (340, 3, '小米燕麦粥', '/public/img/default.jpg', '1', 3.00), (341, 3, '银耳枸杞羹', '/public/img/default.jpg', '1', 3.00), (342, 3, '黑米红豆', '/public/img/default.jpg', '1', 3.00), (343, 5, '盘友烤全鱼套餐1', '/public/img/default.jpg', '1', 88.00), (344, 5, '盘友烤全鱼套餐2', '/public/img/default.jpg', '1', 88.00), (345, 5, '盘友烤全鱼套餐3', '/public/img/default.jpg', '1', 118.00), (346, 5, '盘友烤全鱼套餐4', '/public/img/default.jpg', '1', 138.00), (347, 5, '风味啤酒鸭套餐小份', '/public/img/default.jpg', '1', 66.00), (348, 5, '风味啤酒鸭套餐大份', '/public/img/default.jpg', '1', 88.00), (349, 5, '香辣红烧鸡块套餐小份', '/public/img/default.jpg', '1', 66.00), (350, 5, '香辣红烧鸡块套餐大份', '/public/img/default.jpg', '1', 88.00), (351, 5, '洋葱', '/public/img/default.jpg', '1', 4.00), (352, 5, '土豆片', '/public/img/default.jpg', '1', 4.00), (353, 5, '粉丝', '/public/img/default.jpg', '1', 4.00), (354, 5, '生菜', '/public/img/default.jpg', '1', 4.00), (355, 5, '香菜', '/public/img/default.jpg', '1', 4.00), (356, 5, '娃娃菜', '/public/img/default.jpg', '1', 4.00), (357, 5, '鸭血', '/public/img/default.jpg', '1', 6.00), (358, 5, '川粉', '/public/img/default.jpg', '1', 6.00), (359, 5, '油麦菜', '/public/img/default.jpg', '1', 4.00), (360, 5, '菠菜', '/public/img/default.jpg', '1', 4.00), (361, 5, '海带', '/public/img/default.jpg', '1', 4.00), (362, 5, '金针菇', '/public/img/default.jpg', '1', 10.00), (363, 5, '香菇', '/public/img/default.jpg', '1', 10.00), (364, 5, '平菇', '/public/img/default.jpg', '1', 10.00), (365, 5, '木耳', '/public/img/default.jpg', '1', 10.00), (366, 5, '豆芽', '/public/img/default.jpg', '1', 4.00), (367, 5, '鲜豆腐', '/public/img/default.jpg', '1', 4.00), (368, 5, '冻豆腐', '/public/img/default.jpg', '1', 4.00), (369, 5, '千叶豆腐', '/public/img/default.jpg', '1', 6.00), (370, 5, '油豆皮', '/public/img/default.jpg', '1', 6.00), (371, 5, '腐竹', '/public/img/default.jpg', '1', 6.00), (372, 5, '千张', '/public/img/default.jpg', '1', 4.00), (373, 5, '羊肉卷', '/public/img/default.jpg', '1', 20.00), (374, 5, '肥牛卷', '/public/img/default.jpg', '1', 20.00), (375, 5, '乌鸡卷', '/public/img/default.jpg', '1', 20.00), (376, 5, '牛肉丸', '/public/img/default.jpg', '1', 20.00), (377, 5, '小酥肉', '/public/img/default.jpg', '1', 20.00), (378, 5, '虾丸', '/public/img/default.jpg', '1', 12.00), (379, 5, '鱼丸', '/public/img/default.jpg', '1', 12.00), (380, 5, '甜不辣', '/public/img/default.jpg', '1', 12.00), (381, 5, '鱼豆腐', '/public/img/default.jpg', '1', 12.00), (382, 5, '桂花肠', '/public/img/default.jpg', '1', 12.00), (383, 5, '撒尿牛肉丸', '/public/img/default.jpg', '1', 20.00), (384, 6, '石锅豆腐', '/public/img/default.jpg', '1', 8.00), (385, 6, '石锅土豆', '/public/img/default.jpg', '1', 9.00), (386, 6, '石锅娃娃菜', '/public/img/default.jpg', '1', 10.00), (387, 6, '石锅鸡蛋', '/public/img/default.jpg', '1', 10.00), (388, 6, '石锅茄子', '/public/img/default.jpg', '1', 10.00), (389, 6, '石锅地三鲜', '/public/img/default.jpg', '1', 10.00), (390, 6, '石锅腐竹', '/public/img/default.jpg', '1', 10.00), (391, 6, '石锅水煮肉片', '/public/img/default.jpg', '1', 12.00), (392, 6, '石锅腊肠', '/public/img/default.jpg', '1', 12.00), (393, 6, '石锅鸡块', '/public/img/default.jpg', '1', 12.00), (394, 6, '石锅小炒肉', '/public/img/default.jpg', '1', 13.00), (395, 6, '石锅红烧肉', '/public/img/default.jpg', '1', 15.00), (396, 8, '素菜', '/public/img/default.jpg', '1', 8.00), (397, 8, '肉类', '/public/img/default.jpg', '1', 11.80), (398, 8, '荤素搭配', '/public/img/default.jpg', '1', 13.80), (399, 10, '鸡蛋拉面', '/public/img/default.jpg', '1', 6.00), (400, 10, '酸菜牛肉面', '/public/img/default.jpg', '1', 8.00), (401, 10, '牛肉拉面', '/public/img/default.jpg', '1', 7.00), (402, 10, '红烧牛肉面', '/public/img/default.jpg', '1', 8.00), (403, 10, '土豆牛肉面', '/public/img/default.jpg', '1', 8.00), (404, 10, '麻辣拌面', '/public/img/default.jpg', '1', 7.00), (405, 11, '五谷原味渔粉/面', '/public/img/default.jpg', '1', 8.00), (406, 11, '五谷招牌渔粉/面', '/public/img/default.jpg', '1', 9.00), (407, 11, '五谷鲜玉米渔粉/面', '/public/img/default.jpg', '1', 9.00), (408, 11, '五谷鱼丸渔粉/面', '/public/img/default.jpg', '1', 9.00), (409, 11, '五谷蟹排渔粉/面', '/public/img/default.jpg', '1', 9.00), (410, 11, '五谷酸辣渔粉/面', '/public/img/default.jpg', '1', 10.00), (411, 11, '五谷麻辣渔粉/面', '/public/img/default.jpg', '1', 10.00), (412, 11, '五谷番茄渔粉/面', '/public/img/default.jpg', '1', 10.00), (413, 11, '五谷鱼头渔粉/面', '/public/img/default.jpg', '1', 11.00), (414, 11, '砂锅土豆粉', '/public/img/default.jpg', '1', 8.00), (415, 11, '砂锅两掺', '/public/img/default.jpg', '1', 8.00), (416, 11, '砂锅刀削面', '/public/img/default.jpg', '1', 8.00), (417, 11, '砂锅米线', '/public/img/default.jpg', '1', 8.00), (418, 11, '砂锅宽粉', '/public/img/default.jpg', '1', 8.00), (419, 11, '砂锅米线两掺', '/public/img/default.jpg', '1', 8.00), (420, 11, '砂锅宽粉掺面', '/public/img/default.jpg', '1', 8.00), (421, 11, '砂锅酥肉烩菜', '/public/img/default.jpg', '1', 10.00), (422, 11, '砂锅豆腐烩菜', '/public/img/default.jpg', '1', 8.00), (423, 11, '阿利茄汁面', '/public/img/default.jpg', '1', 8.00), (424, 13, '鸡腿面', '/public/img/default.jpg', '1', 11.00), (425, 13, '热干面小份', '/public/img/default.jpg', '1', 6.00), (426, 13, '热干面大份', '/public/img/default.jpg', '1', 7.00), (427, 13, '虎皮鸡蛋', '/public/img/default.jpg', '1', 1.50), (428, 14, '土豆肉片盖浇饭', '/public/img/default.jpg', '1', 9.00), (429, 14, '杏鲍菇炒肉盖浇饭', '/public/img/default.jpg', '1', 9.00), (430, 14, '土豆烧肉盖浇饭', '/public/img/default.jpg', '1', 10.00), (431, 14, '鱼香肉丝盖浇饭', '/public/img/default.jpg', '1', 10.00), (432, 14, '宫保鸡丁盖浇饭', '/public/img/default.jpg', '1', 10.00), (433, 14, '酱烧鸡块盖浇饭', '/public/img/default.jpg', '1', 10.00), (434, 14, '小炒肉盖浇饭', '/public/img/default.jpg', '1', 10.00), (435, 14, '糖醋鸡块盖浇饭', '/public/img/default.jpg', '1', 10.00), (436, 14, '蒜苔肉丝盖浇饭', '/public/img/default.jpg', '1', 10.00), (437, 14, '木耳炒肉盖浇饭', '/public/img/default.jpg', '1', 10.00), (438, 14, '黑椒牛肉盖浇饭', '/public/img/default.jpg', '1', 13.00), (439, 14, '土豆牛肉肉浇饭', '/public/img/default.jpg', '1', 12.00), (440, 14, '番茄牛肉盖浇饭', '/public/img/default.jpg', '1', 12.00), (441, 14, '香辣鱿鱼盖浇饭', '/public/img/default.jpg', '1', 11.00), (442, 14, '烧腐竹盖浇饭', '/public/img/default.jpg', '1', 8.00), (443, 14, '招牌茄子盖浇饭', '/public/img/default.jpg', '1', 8.00), (444, 14, '小炒杏鲍菇盖浇饭', '/public/img/default.jpg', '1', 7.00), (445, 14, '香辣土豆片盖浇饭', '/public/img/default.jpg', '1', 7.00), (446, 14, '青椒鸡蛋盖浇饭', '/public/img/default.jpg', '1', 7.00), (447, 14, '番茄鸡蛋盖浇饭', '/public/img/default.jpg', '1', 8.00), (448, 14, '青椒肉丝盖浇饭', '/public/img/default.jpg', '1', 10.00), (449, 14, '金针菇鸡蛋盖浇饭', '/public/img/default.jpg', '1', 8.00), (450, 14, '香辣千叶豆腐盖浇饭', '/public/img/default.jpg', '1', 8.00), (451, 14, '红烧茄子盖浇饭', '/public/img/default.jpg', '1', 8.00), (452, 14, '洋葱烧鸡蛋盖浇饭', '/public/img/default.jpg', '1', 8.00), (453, 14, '木耳炒鸡蛋盖浇饭', '/public/img/default.jpg', '1', 8.00), (454, 14, '粉丝包菜盖浇饭', '/public/img/default.jpg', '1', 8.00), (455, 14, '包菜炒肉丝盖浇饭', '/public/img/default.jpg', '1', 10.00), (456, 14, '辣子鸡盖浇饭', '/public/img/default.jpg', '1', 10.00), (457, 14, '腐竹炒肉盖浇饭', '/public/img/default.jpg', '1', 10.00), (458, 14, '香辣烤鱼饭', '/public/img/default.jpg', '1', 12.00), (459, 14, '金汤柠檬烤鱼饭', '/public/img/default.jpg', '1', 12.00), (460, 14, '酱香烤鱼饭', '/public/img/default.jpg', '1', 12.00), (461, 14, '蒜香烤鱼饭', '/public/img/default.jpg', '1', 12.00), (462, 14, '暴风黑椒烤鱼饭', '/public/img/default.jpg', '1', 12.00), (463, 14, '番茄酸香', '/public/img/default.jpg', '1', 12.00), (464, 15, '黄焖鸡米饭小份', '/public/img/default.jpg', '1', 11.00), (465, 15, '黄焖鸡米饭中份', '/public/img/default.jpg', '1', 15.00), (466, 15, '黄焖鸡米饭大份', '/public/img/default.jpg', '1', 20.00), (467, 15, '黄焖酥肉小份', '/public/img/default.jpg', '1', 11.00), (468, 15, '黄焖酥肉中份', '/public/img/default.jpg', '1', 15.00), (469, 15, '黄焖酥肉大份', '/public/img/default.jpg', '1', 20.00), (470, 15, '黄焖茄子', '/public/img/default.jpg', '1', 8.00), (471, 15, '黄焖千叶豆腐', '/public/img/default.jpg', '1', 8.00), (472, 15, '脆皮鸡拌饭', '/public/img/default.jpg', '1', 10.00), (473, 16, '素菜', '/public/img/default.jpg', '1', 6.50), (474, 16, '荤菜', '/public/img/default.jpg', '1', 7.50), (475, 17, '奶茶三兄弟', '/public/img/default.jpg', '1', 13.00), (476, 17, '草莓欧蕾', '/public/img/default.jpg', '1', 15.00), (477, 17, '草莓雪耳密摇摇', '/public/img/default.jpg', '1', 15.00), (478, 17, '茉香奶茶', '/public/img/default.jpg', '1', 11.00), (479, 17, '珍珠奶茶', '/public/img/default.jpg', '1', 12.00), (480, 17, '鲜百香果双响炮', '/public/img/default.jpg', '1', 16.00), (481, 17, '草莓果茶', '/public/img/default.jpg', '1', 13.00), (482, 17, '青稞可可牛奶', '/public/img/default.jpg', '1', 16.00), (483, 17, '双拼可可牛奶', '/public/img/default.jpg', '1', 13.00), (484, 17, '布丁可可牛奶', '/public/img/default.jpg', '1', 13.00), (485, 17, 'coco可可牛奶', '/public/img/default.jpg', '1', 11.00), (486, 18, '牛肉胡辣汤', '/public/img/default.jpg', '1', 3.00), (487, 18, '沙腊饭', '/public/img/default.jpg', '1', 3.00), (488, 18, '葱油饼', '/public/img/default.jpg', '1', 6.00), (489, 18, '油馍头', '/public/img/default.jpg', '1', 6.00), (490, 18, '各种饼', '/public/img/default.jpg', '1', 6.00), (491, 18, '茶鸡蛋', '/public/img/default.jpg', '1', 1.00), (492, 18, '八宝粥', '/public/img/default.jpg', '1', 2.00), (493, 18, '鸡蛋玉米羹', '/public/img/default.jpg', '1', 2.00), (494, 18, '黄豆浆', '/public/img/default.jpg', '1', 2.00), (495, 18, '五谷豆浆', '/public/img/default.jpg', '1', 2.00), (496, 18, '各种粥', '/public/img/default.jpg', '1', 2.00), (497, 18, '牛肉包子', '/public/img/default.jpg', '1', 1.00), (498, 18, '素包子', '/public/img/default.jpg', '1', 1.00), (499, 18, '牛肉烩馍', '/public/img/default.jpg', '1', 10.00), (500, 18, '鸡蛋烩馍', '/public/img/default.jpg', '1', 8.00), (501, 18, '牛肉泡馍', '/public/img/default.jpg', '1', 10.00), (502, 18, '牛肉饺子', '/public/img/default.jpg', '1', 10.00), (503, 18, '羊肉饺子', '/public/img/default.jpg', '1', 10.00), (504, 18, '素饺子', '/public/img/default.jpg', '1', 10.00), (505, 18, '牛肉拌饭', '/public/img/default.jpg', '1', 10.00), (506, 18, '鸡肉拌饭', '/public/img/default.jpg', '1', 10.00), (507, 18, '虾肉拌饭', '/public/img/default.jpg', '1', 10.00), (508, 18, '烤肠拌饭', '/public/img/default.jpg', '1', 8.00), (509, 18, '蔬菜拌饭', '/public/img/default.jpg', '1', 8.00), (510, 19, '牛肉汤小份', '/public/img/default.jpg', '1', 10.00), (511, 19, '牛肉汤中份', '/public/img/default.jpg', '1', 15.00), (512, 19, '牛肉汤大份', '/public/img/default.jpg', '1', 20.00), (513, 19, '牛杂汤小份', '/public/img/default.jpg', '1', 8.00), (514, 19, '牛杂汤中份', '/public/img/default.jpg', '1', 10.00), (515, 19, '牛杂汤大份', '/public/img/default.jpg', '1', 15.00), (516, 19, '牛肚汤小份', '/public/img/default.jpg', '1', 10.00), (517, 19, '牛肚汤中份', '/public/img/default.jpg', '1', 15.00), (518, 19, '牛肚汤大份', '/public/img/default.jpg', '1', 20.00), (519, 19, '牛肉面', '/public/img/default.jpg', '1', 8.00), (520, 19, '素豆腐菜', '/public/img/default.jpg', '1', 7.00), (521, 19, '鸡肉豆腐菜', '/public/img/default.jpg', '1', 10.00), (522, 19, '酥肉豆腐菜', '/public/img/default.jpg', '1', 10.00), (523, 19, '牛肉豆腐菜', '/public/img/default.jpg', '1', 15.00), (524, 19, '牛杂豆腐菜', '/public/img/default.jpg', '1', 10.00), (525, 20, '砂锅刀削面', '/public/img/default.jpg', '1', 8.00), (526, 20, '砂锅手工面', '/public/img/default.jpg', '1', 8.00), (527, 20, '砂锅方便面', '/public/img/default.jpg', '1', 8.00), (528, 20, '砂锅土豆粉', '/public/img/default.jpg', '1', 8.00), (529, 20, '砂锅米线', '/public/img/default.jpg', '1', 8.00), (530, 20, '砂锅鸡块', '/public/img/default.jpg', '1', 11.00), (531, 20, '砂锅鱼块', '/public/img/default.jpg', '1', 11.00), (532, 20, '砂锅素丸子', '/public/img/default.jpg', '1', 9.00), (533, 20, '砂锅宽粉', '/public/img/default.jpg', '1', 9.00), (534, 20, '砂锅两掺', '/public/img/default.jpg', '1', 8.00), (535, 22, '烤薯', '/public/img/default.jpg', '1', 9.90), (536, 22, '玉米', '/public/img/default.jpg', '1', 3.00), (537, 22, '台湾鸡排', '/public/img/default.jpg', '1', 11.00), (538, 22, '脆皮炸鸡', '/public/img/default.jpg', '1', 6.00), (539, 22, '脆皮手枪腿', '/public/img/default.jpg', '1', 8.00), (540, 22, '奥尔良烤腿', '/public/img/default.jpg', '1', 7.00), (541, 22, '鸡米花', '/public/img/default.jpg', '1', 6.00), (542, 22, '盐酥鸡', '/public/img/default.jpg', '1', 6.00), (543, 22, '鸡叉骨', '/public/img/default.jpg', '1', 5.00), (544, 22, '鸡块', '/public/img/default.jpg', '1', 6.00), (545, 22, '香辣鸡腿堡', '/public/img/default.jpg', '1', 8.00), (546, 22, '奥尔良烤腿堡', '/public/img/default.jpg', '1', 8.00), (547, 22, '至珍七虾堡', '/public/img/default.jpg', '1', 10.00), (548, 22, '深海螳鱼堡', '/public/img/default.jpg', '1', 10.00), (549, 22, '牛肉堡', '/public/img/default.jpg', '1', 6.00), (550, 22, '双层牛肉堡', '/public/img/default.jpg', '1', 10.00), (551, 22, '香鸡堡', '/public/img/default.jpg', '1', 6.00), (552, 23, '瓦香鸡米饭', '/public/img/default.jpg', '1', 13.00), (553, 23, '瓦香鸡+米', '/public/img/default.jpg', '1', 13.00), (554, 23, '瓦香鸡酥肉+米', '/public/img/default.jpg', '1', 12.00), (555, 23, '瓦香鸡千叶豆腐+米', '/public/img/default.jpg', '1', 9.00), (556, 23, '瓦香鸡腐竹+米', '/public/img/default.jpg', '1', 9.00), (557, 23, '瓦香鸡茄子+米', '/public/img/default.jpg', '1', 9.00), (558, 23, '瓦香鸡土豆+米', '/public/img/default.jpg', '1', 8.00), (559, 23, '瓦香鸡拌饭', '/public/img/default.jpg', '1', 8.00), (560, 23, '毛血旺+米', '/public/img/default.jpg', '1', 13.00), (561, 23, '麻辣鱼+米', '/public/img/default.jpg', '1', 13.00), (562, 23, '酸菜鱼+米', '/public/img/default.jpg', '1', 13.00), (563, 23, '龙利鱼+米', '/public/img/default.jpg', '1', 13.00), (564, 23, '淮南牛肉汤', '/public/img/default.jpg', '1', 8.00), (565, 23, '牛杂汤+饼', '/public/img/default.jpg', '1', 10.00), (566, 23, '牛肉汤+饼', '/public/img/default.jpg', '1', 10.00), (567, 23, '牛肉臊子面', '/public/img/default.jpg', '1', 9.00), (568, 23, '香辣牛肉面', '/public/img/default.jpg', '1', 9.00), (569, 24, '黄焖鸡米饭', '/public/img/default.jpg', '1', 12.00), (570, 25, '红豆奶茶', '/public/img/default.jpg', '1', 7.00), (571, 26, '优质茄汁面', '/public/img/default.jpg', '1', 7.00), (572, 26, '香菇鸡丁面', '/public/img/default.jpg', '1', 8.00), (573, 26, '茄汁刀削面', '/public/img/default.jpg', '1', 7.00), (574, 26, '番茄鸡蛋面', '/public/img/default.jpg', '1', 7.00), (575, 26, '酸菜鸡蛋面', '/public/img/default.jpg', '1', 7.00), (576, 26, '鸡蛋手工面', '/public/img/default.jpg', '1', 7.00), (577, 26, '炝锅肉丝面', '/public/img/default.jpg', '1', 8.00), (578, 26, '肉丝手工面', '/public/img/default.jpg', '1', 8.00), (579, 26, '酸菜肉丝面', '/public/img/default.jpg', '1', 8.00), (580, 26, '红烧牛肉面', '/public/img/default.jpg', '1', 8.00), (581, 26, '鸡蛋方便面', '/public/img/default.jpg', '1', 7.00), (582, 26, '肉丝方便面', '/public/img/default.jpg', '1', 8.00), (583, 26, '牛肉方便面', '/public/img/default.jpg', '1', 8.00), (584, 26, '鸡块方便面', '/public/img/default.jpg', '1', 8.00), (585, 26, '酥肉方便面', '/public/img/default.jpg', '1', 8.00), (586, 26, '凉拌方便面', '/public/img/default.jpg', '1', 8.00), (587, 26, '鸡块绘面', '/public/img/default.jpg', '1', 8.00), (588, 26, '酥肉烩面', '/public/img/default.jpg', '1', 8.00), (589, 26, '牛肉烩面', '/public/img/default.jpg', '1', 8.00), (590, 26, '鸡丁烩面', '/public/img/default.jpg', '1', 8.00), (591, 26, '鸡丁拌面', '/public/img/default.jpg', '1', 8.00), (592, 26, '鸡蛋拌面', '/public/img/default.jpg', '1', 7.00), (593, 26, '麻酱拌面', '/public/img/default.jpg', '1', 7.00), (594, 26, '红油凉面', '/public/img/default.jpg', '1', 7.00), (595, 26, '酥肉小面', '/public/img/default.jpg', '1', 8.00), (596, 26, '酥肉刀削面', '/public/img/default.jpg', '1', 8.00), (597, 26, '香菇鸡块面', '/public/img/default.jpg', '1', 8.00), (598, 26, '牛肉刀削面', '/public/img/default.jpg', '1', 8.00), (599, 26, '鸡块刀削面', '/public/img/default.jpg', '1', 8.00), (600, 26, '鸡丁刀削面', '/public/img/default.jpg', '1', 8.00), (601, 26, '酸辣粉米线', '/public/img/default.jpg', '1', 8.00), (602, 26, '大烩菜送面', '/public/img/default.jpg', '1', 8.00), (603, 27, '豆腐汤泡馍', '/public/img/default.jpg', '1', 6.00), (604, 27, '方便面泡馍', '/public/img/default.jpg', '1', 7.00), (605, 27, '土豆块泡馍', '/public/img/default.jpg', '1', 7.00), (606, 27, '香肠泡馍', '/public/img/default.jpg', '1', 7.00), (607, 27, '牛丸泡馍', '/public/img/default.jpg', '1', 7.00), (608, 27, '鱼豆腐泡馍', '/public/img/default.jpg', '1', 7.00), (609, 27, '鸭血粉丝泡馍', '/public/img/default.jpg', '1', 7.00), (610, 27, '莲荚酥肉泡馍', '/public/img/default.jpg', '1', 8.00), (611, 27, '鸡丁泡馍', '/public/img/default.jpg', '1', 8.00), (612, 27, '莲荚泡馍', '/public/img/default.jpg', '1', 8.00), (613, 27, '酥肉泡馍', '/public/img/default.jpg', '1', 8.00), (614, 27, '烩菜泡馍', '/public/img/default.jpg', '1', 8.00), (615, 27, '甜不辣泡馍', '/public/img/default.jpg', '1', 8.00), (616, 27, '鸡米花泡馍', '/public/img/default.jpg', '1', 8.00), (617, 27, '三鲜丸子泡馍', '/public/img/default.jpg', '1', 8.00), (618, 27, '牛肉泡馍', '/public/img/default.jpg', '1', 9.00), (619, 28, '酥肉烩菜', '/public/img/default.jpg', '1', 8.00), (620, 28, '牛肉烩菜', '/public/img/default.jpg', '1', 10.00), (621, 28, '莲夹烩菜', '/public/img/default.jpg', '1', 8.00), (622, 28, '香肠烩菜', '/public/img/default.jpg', '1', 8.00), (623, 28, '牛杂烩菜', '/public/img/default.jpg', '1', 10.00), (624, 28, '牛肉烩菜', '/public/img/default.jpg', '1', 10.00), (625, 28, '羊肉烩菜', '/public/img/default.jpg', '1', 10.00), (626, 28, '蟹柳烩菜', '/public/img/default.jpg', '1', 9.00), (627, 28, '菌菇烩菜', '/public/img/default.jpg', '1', 8.00), (628, 28, '豆筋烩菜', '/public/img/default.jpg', '1', 8.00), (629, 28, '鸭血烩菜', '/public/img/default.jpg', '1', 8.00), (630, 28, '鱼豆腐烩菜', '/public/img/default.jpg', '1', 8.00), (631, 28, '豆腐烩菜', '/public/img/default.jpg', '1', 6.00), (632, 29, '大盘鸡+米饭', '/public/img/default.jpg', '1', 12.00), (633, 29, '猪肉大葱水饺', '/public/img/default.jpg', '1', 10.00), (634, 29, '大盘鸡+老碗面', '/public/img/default.jpg', '1', 12.00), (635, 29, '大盘鸡+方便面', '/public/img/default.jpg', '1', 12.00), (636, 29, '大盘鸡+烩面', '/public/img/default.jpg', '1', 12.00), (637, 29, '韭菜鸡蛋水饺', '/public/img/default.jpg', '1', 10.00), (638, 29, '大盘鸡拌水饺', '/public/img/default.jpg', '1', 15.00), (639, 29, '大盘鸡汤拌面', '/public/img/default.jpg', '1', 7.00), (640, 30, '蛋挞', '/public/img/default.jpg', '1', 1.00), (641, 30, '泡芙', '/public/img/default.jpg', '1', 1.00), (642, 30, '榴莲酥', '/public/img/default.jpg', '1', 8.00), (643, 30, '肉松小贝', '/public/img/default.jpg', '1', 8.00), (644, 30, '拿破仑', '/public/img/default.jpg', '1', 8.00), (645, 30, '红豆饼', '/public/img/default.jpg', '1', 8.00), (646, 30, '曲奇', '/public/img/default.jpg', '1', 8.00), (647, 31, '石锅红烧鸡块', '/public/img/default.jpg', '1', 12.00), (648, 31, '石锅黑椒牛柳', '/public/img/default.jpg', '1', 13.00), (649, 31, '石锅鲜香肥牛', '/public/img/default.jpg', '1', 13.00), (650, 31, '石锅秘制脆骨', '/public/img/default.jpg', '1', 12.00), (651, 31, '石锅外婆香肠', '/public/img/default.jpg', '1', 10.00), (652, 31, '石锅招牌三鲜', '/public/img/default.jpg', '1', 10.00), (653, 31, '石锅火腿腐竹', '/public/img/default.jpg', '1', 10.00), (654, 31, '石锅培根火腿', '/public/img/default.jpg', '1', 10.00), (655, 31, '石锅酱爆茄子', '/public/img/default.jpg', '1', 8.00), (656, 31, '石锅肉末粉丝', '/public/img/default.jpg', '1', 9.00), (657, 31, '石锅肉沫豆腐', '/public/img/default.jpg', '1', 9.00), (658, 31, '石锅农家鸡蛋', '/public/img/default.jpg', '1', 9.00), (659, 32, '鸡米花', '/public/img/default.jpg', '1', 7.00), (660, 32, '牙签肉', '/public/img/default.jpg', '1', 8.00), (661, 32, '鸡腿', '/public/img/default.jpg', '1', 8.00), (662, 32, '鸡排', '/public/img/default.jpg', '1', 8.00), (663, 32, '无骨鸡柳', '/public/img/default.jpg', '1', 8.00), (664, 32, '御膳叉骨', '/public/img/default.jpg', '1', 8.00), (665, 33, '香菇大肉馅', '/public/img/default.jpg', '1', 10.00), (666, 33, '芹菜大肉陷', '/public/img/default.jpg', '1', 10.00), (667, 33, '韭菜大肉馅', '/public/img/default.jpg', '1', 8.00), (668, 33, '白菜大肉馅', '/public/img/default.jpg', '1', 8.00), (669, 33, '茴香大肉馅', '/public/img/default.jpg', '1', 8.00), (670, 33, '莲菜大肉馅', '/public/img/default.jpg', '1', 8.00), (671, 33, '鸡蛋韭菜馅', '/public/img/default.jpg', '1', 8.00), (672, 34, '一元一串', '/public/img/default.jpg', '1', 1.00), (673, 35, '山椒卢丝粉', '/public/img/default.jpg', '1', 8.00), (674, 35, '私房牛肉粉', '/public/img/default.jpg', '1', 11.00), (675, 35, '大大大碗粉', '/public/img/default.jpg', '1', 8.00), (676, 35, '红油金针菇粉', '/public/img/default.jpg', '1', 9.00), (677, 35, '三线鱼丸粉', '/public/img/default.jpg', '1', 9.00), (678, 35, '香菇肉沫粉', '/public/img/default.jpg', '1', 9.00), (679, 35, '香菇鸡丁粉', '/public/img/default.jpg', '1', 10.00), (680, 35, '秘制鸡块粉', '/public/img/default.jpg', '1', 10.00), (681, 35, '麻辣鸡丝粉', '/public/img/default.jpg', '1', 10.00), (682, 35, '自制香肠粉', '/public/img/default.jpg', '1', 10.00), (683, 35, '大大大碗面', '/public/img/default.jpg', '1', 8.00), (684, 35, '山椒芦丝面', '/public/img/default.jpg', '1', 8.00), (685, 35, '红油金针姑面', '/public/img/default.jpg', '1', 9.00), (686, 35, '三鲜鱼丸面', '/public/img/default.jpg', '1', 9.00), (687, 35, '香菇肉沫面', '/public/img/default.jpg', '1', 9.00), (688, 35, '香菇鸡丁面', '/public/img/default.jpg', '1', 10.00), (689, 35, '秘制鸡块面', '/public/img/default.jpg', '1', 10.00), (690, 35, '麻辣鸡丝面', '/public/img/default.jpg', '1', 10.00), (691, 35, '自制香肠面', '/public/img/default.jpg', '1', 10.00), (692, 35, '私房牛肉面', '/public/img/default.jpg', '1', 11.00), (693, 35, '卤蛋', '/public/img/default.jpg', '1', 1.50), (694, 36, '正新鸡米花', '/public/img/default.jpg', '1', 6.00), (695, 36, '正新薯条', '/public/img/default.jpg', '1', 6.00), (696, 36, '奥尔良鸡腿堡', '/public/img/default.jpg', '1', 8.00), (697, 36, '黑椒鸡块', '/public/img/default.jpg', '1', 10.00), (698, 38, '卤面', '/public/img/default.jpg', '1', 7.00), (699, 38, '炒河粉', '/public/img/default.jpg', '1', 7.00), (700, 38, '蛋炒饭', '/public/img/default.jpg', '1', 7.00), (701, 38, '炒米粉+鸡蛋+火腿', '/public/img/default.jpg', '1', 8.00), (702, 38, '炒河粉+鸡蛋+火腿', '/public/img/default.jpg', '1', 8.00), (703, 38, '炒拉面+鸡蛋+火腿', '/public/img/default.jpg', '1', 8.00), (704, 38, '炒饼丝+鸡蛋+火腿', '/public/img/default.jpg', '1', 8.00), (705, 38, '炒方便面+鸡蛋+火腿', '/public/img/default.jpg', '1', 8.00), (706, 38, '炒凉皮+鸡蛋+火腿', '/public/img/default.jpg', '1', 8.00), (707, 38, '两掺+鸡蛋+火腿', '/public/img/default.jpg', '1', 8.00), (708, 38, '炒米粉+鸡蛋+肉', '/public/img/default.jpg', '1', 9.00), (709, 38, '炒河粉+鸡蛋+肉', '/public/img/default.jpg', '1', 9.00), (710, 38, '炒拉面+鸡蛋+肉', '/public/img/default.jpg', '1', 9.00), (711, 38, '炒饼丝+鸡蛋+肉', '/public/img/default.jpg', '1', 9.00), (712, 38, '炒方便面+鸡蛋+肉', '/public/img/default.jpg', '1', 9.00), (713, 38, '炒凉皮+鸡蛋+肉', '/public/img/default.jpg', '1', 9.00), (714, 38, '两掺+鸡蛋+肉', '/public/img/default.jpg', '1', 9.00), (715, 39, '黑椒鸡排饭', '/public/img/default.jpg', '1', 10.00), (716, 39, '红烧肉饭', '/public/img/default.jpg', '1', 11.00), (717, 39, '咖喱鸡饭', '/public/img/default.jpg', '1', 10.00), (718, 39, '黑椒鸡柳饭', '/public/img/default.jpg', '1', 10.00), (719, 39, '黑椒鸡扒饭', '/public/img/default.jpg', '1', 10.00), (720, 39, '黑椒培根饭', '/public/img/default.jpg', '1', 10.00), (721, 39, '黑椒鸡腿饭', '/public/img/default.jpg', '1', 11.00), (722, 39, '黑椒牛肉饭', '/public/img/default.jpg', '1', 12.00), (723, 39, '香酥鸡腿饭', '/public/img/default.jpg', '1', 10.00), (724, 39, '黑椒鸭胸饭', '/public/img/default.jpg', '1', 10.00), (725, 40, '芝士静冈抹茶', '/public/img/default.jpg', '1', 7.00), (726, 40, '抹茶奶绿位布丁', '/public/img/default.jpg', '1', 8.00), (727, 41, '两素+米', '/public/img/default.jpg', '1', 6.00), (728, 41, '三素+米', '/public/img/default.jpg', '1', 7.00), (729, 41, '一荤一素+米', '/public/img/default.jpg', '1', 7.00), (730, 41, '一荤两素+米', '/public/img/default.jpg', '1', 8.00), (731, 41, '两荤+米', '/public/img/default.jpg', '1', 9.00), (732, 41, '两荤一素+米', '/public/img/default.jpg', '1', 10.00), (733, 41, '两荤两素+米', '/public/img/default.jpg', '1', 12.00), (734, 42, '麻辣烫', '/public/img/default.jpg', '1', 11.80), (735, 43, '浓香咖喱蛋包饭', '/public/img/default.jpg', '1', 9.00), (736, 43, '咖喱鱼丸蛋包饭', '/public/img/default.jpg', '1', 10.00), (737, 43, '经典鸡排蛋包饭', '/public/img/default.jpg', '1', 11.00), (738, 43, '藤椒鸡帮蛋包饭', '/public/img/default.jpg', '1', 11.00), (739, 43, '咖喱鸡排蛋包饭', '/public/img/default.jpg', '1', 12.00), (740, 43, '地三鲜蛋包饭', '/public/img/default.jpg', '1', 10.00), (741, 43, '肉末茄子蛋包饭', '/public/img/default.jpg', '1', 11.00), (742, 43, '红烧酱鸭蛋包饭', '/public/img/default.jpg', '1', 14.00), (743, 43, '土豆牛肉蛋包饭', '/public/img/default.jpg', '1', 14.00), (744, 44, '两素+米', '/public/img/default.jpg', '1', 6.00), (745, 44, '三素+米', '/public/img/default.jpg', '1', 7.00), (746, 44, '一荤一素+米', '/public/img/default.jpg', '1', 7.00), (747, 44, '一荤两素+米', '/public/img/default.jpg', '1', 8.00), (748, 44, '两荤+米', '/public/img/default.jpg', '1', 9.00), (749, 44, '两荤一素+米', '/public/img/default.jpg', '1', 10.00), (750, 44, '两荤两素+米', '/public/img/default.jpg', '1', 12.00), (751, 45, '香菇肉陷', '/public/img/default.jpg', '1', 8.00), (752, 45, '韭菜肉馅', '/public/img/default.jpg', '1', 8.00), (753, 45, '茴香肉馅', '/public/img/default.jpg', '1', 8.00), (754, 45, '白菜肉馅', '/public/img/default.jpg', '1', 8.00), (755, 45, '莲菜肉馅', '/public/img/default.jpg', '1', 8.00), (756, 45, '猪肉大葱', '/public/img/default.jpg', '1', 8.00), (757, 45, '韭菜鸡蛋', '/public/img/default.jpg', '1', 8.00), (758, 46, '网红焖饭', '/public/img/default.jpg', '1', 8.00), (759, 47, '番茄鸡蛋面', '/public/img/default.jpg', '1', 7.00), (760, 47, '麻辣酥肉面', '/public/img/default.jpg', '1', 8.00), (761, 47, '香菇鸡丁面', '/public/img/default.jpg', '1', 8.00), (762, 47, '牛肉刀削面', '/public/img/default.jpg', '1', 8.00), (763, 47, '小盘鸡拌面', '/public/img/default.jpg', '1', 8.00), (764, 47, '炸酱肉末拌面', '/public/img/default.jpg', '1', 8.00), (765, 47, '油泼辣子面', '/public/img/default.jpg', '1', 7.00), (766, 47, '鸡蛋油泼面', '/public/img/default.jpg', '1', 8.00), (767, 47, '肉沫油泼面', '/public/img/default.jpg', '1', 8.00), (768, 47, '鸡蛋炒刀削', '/public/img/default.jpg', '1', 9.00), (769, 47, '肉丝炒刀削', '/public/img/default.jpg', '1', 9.00), (770, 48, '西红柿鸡蛋拌面', '/public/img/default.jpg', '1', 7.00), (771, 48, '咖喱鸡块拌面', '/public/img/default.jpg', '1', 8.00), (772, 48, '香菇鸡丁拌面', '/public/img/default.jpg', '1', 8.00), (773, 48, '酸菜肉丝拌面', '/public/img/default.jpg', '1', 8.00), (774, 48, '西红柿鸡蛋汤面', '/public/img/default.jpg', '1', 7.00), (775, 48, '咖喱鸡块汤面', '/public/img/default.jpg', '1', 8.00), (776, 48, '香菇鸡丁汤面', '/public/img/default.jpg', '1', 8.00), (777, 48, '酸菜肉丝汤面', '/public/img/default.jpg', '1', 8.00), (778, 49, '鸡蛋拉面', '/public/img/default.jpg', '1', 7.00), (779, 49, '牛肉拉面', '/public/img/default.jpg', '1', 8.00), (780, 49, '酥肉拉面', '/public/img/default.jpg', '1', 8.00), (781, 49, '葱油拌面', '/public/img/default.jpg', '1', 7.00), (782, 49, '牛肉凉面', '/public/img/default.jpg', '1', 9.00), (783, 49, '红烧牛肉盖浇饭', '/public/img/default.jpg', '1', 9.00), (784, 49, '孜然羊肉盖浇饭', '/public/img/default.jpg', '1', 10.00), (785, 50, '鸡蛋拉面', '/public/img/default.jpg', '1', 6.00), (786, 50, '牛肉拉面', '/public/img/default.jpg', '1', 7.00), (787, 50, '红烧牛肉面', '/public/img/default.jpg', '1', 8.00), (788, 50, '土豆牛肉面', '/public/img/default.jpg', '1', 8.00), (789, 50, '麻酱拌面', '/public/img/default.jpg', '1', 7.00), (790, 51, '', '/public/img/default.jpg', '1', 1.00), (791, 52, '', '/public/img/default.jpg', '1', 7.00), (792, 53, '脆皮鸡饭', '/public/img/default.jpg', '1', 10.00), (793, 53, '烤肉饭', '/public/img/default.jpg', '1', 10.00), (794, 55, '脆皮鸡棒', '/public/img/default.jpg', '1', 10.00), (795, 55, '冷面', '/public/img/default.jpg', '1', 6.00), (796, 55, '御膳叉骨', '/public/img/default.jpg', '1', 12.00), (797, 55, '黄金鸡腿肉', '/public/img/default.jpg', '1', 17.00), (798, 56, '锡纸花甲', '/public/img/default.jpg', '1', 12.90), (799, 56, '花甲粉/面', '/public/img/default.jpg', '1', 9.90), (800, 56, '花甲鲜虾粉', '/public/img/default.jpg', '1', 13.90), (801, 56, '花甲鱿鱼粉', '/public/img/default.jpg', '1', 13.90), (802, 57, '铁板鱿鱼', '/public/img/default.jpg', '1', 10.00), (803, 57, '铁板鸭肠', '/public/img/default.jpg', '1', 6.00), (804, 57, '牛肉小串', '/public/img/default.jpg', '1', 12.00), (805, 58, '中华私房骨汤面', '/public/img/default.jpg', '1', 10.00), (806, 58, '椒麻鸡拌面', '/public/img/default.jpg', '1', 9.00), (807, 58, '老北京炸酱面', '/public/img/default.jpg', '1', 8.00), (808, 59, '面包', '/public/img/default.jpg', '1', 10.00), (809, 59, '蛋糕', '/public/img/default.jpg', '1', 6.00), (810, 60, '咖喱茶泡饭', '/public/img/default.jpg', '1', 12.00), (811, 60, '招牌茶泡饭', '/public/img/default.jpg', '1', 12.00), (812, 60, '孜然茶泡饭', '/public/img/default.jpg', '1', 12.00), (813, 60, '烟熏茶泡饭', '/public/img/default.jpg', '1', 12.00), (814, 60, '黑椒茶泡饭', '/public/img/default.jpg', '1', 12.00);
COMMIT;

-- ----------------------------
-- Table structure for shop_order
-- ----------------------------
DROP TABLE IF EXISTS `shop_order`;
CREATE TABLE `shop_order`  (
  `_id` int(10) UNSIGNED NOT NULL AUTO_INCREMENT,
  `sid` int(10) UNSIGNED NOT NULL,
  `uid` int(10) UNSIGNED NOT NULL,
  `mid` int(10) UNSIGNED NOT NULL,
  `mname` varchar(30) CHARACTER SET utf8mb4 COLLATE utf8mb4_0900_ai_ci NOT NULL,
  `price` int(10) UNSIGNED NOT NULL,
  `uname` varchar(20) CHARACTER SET utf8mb4 COLLATE utf8mb4_0900_ai_ci NOT NULL,
  `time` timestamp(0) NOT NULL DEFAULT CURRENT_TIMESTAMP(0),
  PRIMARY KEY (`_id`) USING BTREE
) ENGINE = InnoDB AUTO_INCREMENT = 90 CHARACTER SET = utf8mb4 COLLATE = utf8mb4_0900_ai_ci;

-- ----------------------------
-- Records of shop_order
-- ----------------------------
BEGIN;
INSERT INTO `shop_order` VALUES (1, 1, 0, 312, 'TEST饭', 10, 'TEST用户名', '2020-11-09 14:34:00'), (2, 1, 0, 312, 'TEST饭', 10, 'TEST用户名', '2020-11-08 11:34:00'), (3, 1, 0, 312, 'TEST饭', 10, 'TEST用户名', '2020-11-07 12:34:00'), (4, 1, 0, 312, 'TEST饭', 10, 'TEST用户名', '2020-11-06 13:34:00'), (5, 1, 0, 312, 'TEST饭', 10, 'TEST用户名', '2020-11-09 14:34:00'), (6, 1, 0, 312, 'TEST饭', 10, 'TEST用户名', '2020-11-08 15:34:00'), (7, 1, 0, 317, 'TEST饭', 10, 'TEST用户名', '2020-11-07 16:34:00'), (8, 1, 0, 317, 'TEST饭', 10, 'TEST用户名', '2020-11-07 17:34:00'), (9, 1, 0, 316, 'TEST饭', 10, 'TEST用户名', '2020-11-06 09:34:00'), (10, 1, 0, 315, 'TEST饭', 10, 'TEST用户名', '2020-11-07 10:34:00'), (11, 1, 0, 312, 'TEST饭', 10, 'TEST用户名', '2020-11-09 14:34:00'), (12, 2, 0, 323, 'TEST饭', 10, 'TEST用户名', '2020-11-08 09:34:00'), (13, 2, 0, 324, 'TEST饭', 10, 'TEST用户名', '2020-11-07 12:34:00'), (14, 2, 0, 325, 'TEST饭', 10, 'TEST用户名', '2020-11-06 13:34:00'), (15, 2, 0, 326, 'TEST饭', 10, 'TEST用户名', '2020-11-09 14:34:00'), (16, 2, 0, 327, 'TEST饭', 10, 'TEST用户名', '2020-11-08 15:34:00'), (17, 2, 0, 328, 'TEST饭', 10, 'TEST用户名', '2020-11-07 10:34:00'), (18, 2, 0, 329, 'TEST饭', 10, 'TEST用户名', '2020-11-07 17:34:00'), (19, 2, 0, 330, 'TEST饭', 10, 'TEST用户名', '2020-11-06 18:34:00'), (20, 2, 0, 331, 'TEST饭', 10, 'TEST用户名', '2020-11-07 19:34:00'), (21, 2, 0, 332, 'TEST饭', 10, 'TEST用户名', '2020-11-07 19:34:00'), (22, 2, 0, 333, 'TEST饭', 10, 'TEST用户名', '2020-11-07 19:34:00'), (23, 2, 0, 334, 'TEST饭', 10, 'TEST用户名', '2020-11-07 19:34:00'), (24, 2, 0, 335, 'TEST饭', 10, 'TEST用户名', '2020-11-07 10:34:00'), (25, 1, 0, 312, 'TEST饭', 10, 'TEST用户名', '2020-10-09 14:34:00'), (26, 3, 0, 336, 'TEST饭', 10, 'TEST用户名', '2020-10-08 11:34:00'), (27, 3, 0, 337, 'TEST饭', 10, 'TEST用户名', '2020-10-07 12:34:00'), (28, 3, 0, 338, 'TEST饭', 10, 'TEST用户名', '2020-10-06 13:34:00'), (29, 3, 0, 339, 'TEST饭', 10, 'TEST用户名', '2020-10-09 14:34:00'), (30, 3, 0, 340, 'TEST饭', 10, 'TEST用户名', '2020-10-08 15:34:00'), (31, 3, 0, 341, 'TEST饭', 10, 'TEST用户名', '2020-10-07 16:34:00'), (32, 5, 0, 381, 'TEST饭0', 10, 'TEST用户名', '2020-10-10 16:34:00'), (33, 1, 0, 312, 'TEST饭', 10, 'TEST用户名', '2020-10-09 14:34:00'), (34, 5, 0, 366, 'TEST饭1', 10, 'TEST用户名', '2020-10-08 09:34:00'), (35, 5, 0, 367, 'TEST饭1', 10, 'TEST用户名', '2020-10-07 12:34:00'), (36, 5, 0, 368, 'TEST饭2', 10, 'TEST用户名', '2020-10-06 10:34:00'), (37, 5, 0, 369, 'TEST饭2', 10, 'TEST用户名', '2020-10-09 14:34:00'), (38, 5, 0, 370, 'TEST饭2', 10, 'TEST用户名', '2020-10-08 15:34:00'), (39, 5, 0, 371, 'TEST饭2', 10, 'TEST用户名', '2020-10-07 16:34:00'), (40, 5, 0, 372, 'TEST饭3', 10, 'TEST用户名', '2020-10-07 16:34:00'), (41, 5, 0, 373, 'TEST饭3', 10, 'TEST用户名', '2020-10-07 16:34:00'), (42, 5, 0, 374, 'TEST饭3', 10, 'TEST用户名', '2020-10-07 16:34:00'), (43, 5, 0, 375, 'TEST饭3', 10, 'TEST用户名', '2020-10-07 16:34:00'), (44, 5, 0, 376, 'TEST饭3', 10, 'TEST用户名', '2020-10-07 16:34:00'), (45, 5, 0, 378, 'TEST饭3', 10, 'TEST用户名', '2020-10-07 16:34:00'), (46, 5, 0, 379, 'TEST饭4', 10, 'TEST用户名', '2020-10-07 16:34:00'), (47, 5, 0, 380, 'TEST饭4', 10, 'TEST用户名', '2020-10-07 16:34:00'), (48, 5, 0, 375, 'TEST饭4', 10, 'TEST用户名', '2020-11-09 23:00:00'), (49, 5, 0, 375, 'TEST饭4', 20, 'TEST用户名', '2020-11-10 17:21:16'), (50, 5, 2, 375, 'TEST饭4', 20, 'TEST用户名', '2020-11-10 17:21:55'), (51, 5, 3, 376, 'TEST饭5', 20, 'TEST用户名', '2020-11-10 17:21:55'), (52, 5, 2, 377, 'TEST饭5', 20, 'TEST用户名', '2020-11-10 17:21:55'), (53, 5, 1, 378, 'TEST饭5', 20, 'TEST用户名', '2020-11-10 17:21:55'), (54, 5, 2, 375, 'TEST饭5', 20, 'TEST用户名', '2020-11-01 20:20:00'), (55, 5, 3, 376, 'TEST饭5', 20, 'TEST用户名', '2020-11-04 20:20:00'), (56, 5, 2, 377, 'TEST饭5', 20, 'TEST用户名', '2020-11-02 20:20:00'), (57, 5, 1, 378, 'TEST饭5', 20, 'TEST用户名', '2020-11-03 20:20:00'), (58, 5, 2, 375, 'TEST饭1', 20, 'TEST用户名', '2020-11-01 20:20:00'), (59, 5, 3, 376, 'TEST饭0', 20, 'TEST用户名', '2020-11-11 20:20:00'), (60, 5, 2, 377, 'TEST饭0', 20, 'TEST用户名', '2020-11-11 20:20:00'), (61, 5, 1, 378, 'TEST饭0', 20, 'TEST用户名', '2020-11-11 20:20:00'), (62, 5, 2, 375, 'TEST饭2', 20, 'TEST饭', '2020-11-15 16:33:52'), (63, 5, 3, 376, 'TEST饭2', 20, 'TEST饭', '2020-11-15 16:33:52'), (64, 5, 2, 377, 'TEST饭5', 20, 'TEST饭', '2020-11-15 16:33:52'), (65, 5, 1, 378, 'TEST饭1', 20, 'TEST饭', '2020-11-15 16:33:52'), (66, 5, 2, 375, 'TEST用户名', 20, 'TEST饭', '2020-11-16 21:55:26'), (67, 5, 3, 376, 'TEST用户名', 20, 'TEST饭', '2020-11-16 21:55:26'), (68, 5, 2, 377, 'TEST用户名', 20, 'TEST饭', '2020-11-16 21:55:26'), (69, 5, 1, 378, 'TEST用户名', 20, 'TEST饭', '2020-11-16 21:55:26'), (70, 5, 2, 375, 'TEST用户名', 20, 'TEST饭', '2020-11-16 21:55:30'), (71, 5, 3, 376, 'TEST用户名', 20, 'TEST饭', '2020-11-16 21:55:30'), (72, 5, 2, 377, 'TEST用户名', 20, 'TEST饭', '2020-11-16 21:55:30'), (73, 5, 1, 378, 'TEST用户名', 20, 'TEST饭', '2020-11-16 21:55:30'), (80, 1, 1, 313, '酸辣粉', 8, 'GaoQin', '2020-12-06 22:42:26'), (81, 1, 1, 313, '酸辣粉', 8, 'GaoQin', '2020-12-06 22:51:03'), (82, 1, 1, 313, '酸辣粉', 8, 'GaoQin', '2020-12-06 22:51:10'), (83, 1, 1, 314, '牛肉热干面', 10, 'GaoQin', '2020-12-06 22:51:17'), (84, 1, 1, 320, '牛杂面', 9, 'GaoQin', '2020-12-06 22:51:33'), (85, 1, 1, 312, '热干面', 7, 'GaoQin', '2020-12-06 22:51:52'), (86, 1, 1, 319, '牛杂粉', 9, 'GaoQin', '2020-12-06 22:51:57'), (87, 2, 1, 326, '锡纸秘制纯花甲', 11, 'GaoQin', '2020-12-06 22:53:41'), (88, 1, 1, 320, '牛杂面', 9, 'GaoQin', '2020-12-07 15:44:38'), (89, 1, 1, 319, '牛杂粉', 9, 'GaoQin', '2020-12-07 15:44:48');
COMMIT;

-- ----------------------------
-- Table structure for shop_show
-- ----------------------------
DROP TABLE IF EXISTS `shop_show`;
CREATE TABLE `shop_show`  (
  `_id` int(10) UNSIGNED NOT NULL AUTO_INCREMENT,
  `sid` int(10) UNSIGNED NOT NULL,
  `img` varchar(500) CHARACTER SET utf8mb4 COLLATE utf8mb4_0900_ai_ci NOT NULL,
  PRIMARY KEY (`_id`) USING BTREE
) ENGINE = InnoDB AUTO_INCREMENT = 207 CHARACTER SET = utf8mb4 COLLATE = utf8mb4_0900_ai_ci;

-- ----------------------------
-- Records of shop_show
-- ----------------------------
BEGIN;
INSERT INTO `shop_show` VALUES (1, 1, 'https://timgsa.baidu.com/timg?image&quality=80&size=b9999_10000&sec=1604502363271&di=79516df21950aef4cee1e11082fb29ba&imgtype=0&src=http%3A%2F%2F5b0988e595225.cdn.sohucs.com%2Fimages%2F20180207%2F64e96a52c8c349e1b5d66fc6b4d24a02.jpeg'), (2, 1, 'https://timgsa.baidu.com/timg?image&quality=80&size=b9999_10000&sec=1604509338528&di=929eeef77f98f0f768d95b9b41da1e49&imgtype=0&src=http%3A%2F%2Fp1.meituan.net%2Fapiback%2Fe56492489b30c0a425b897f45e1c16ba142972.jpg%2540249w_249h_1e_1c_1l%257Cwatermark%3D1%26%26r%3D1%26p%3D9%26x%3D2%26y%3D2%26relative%3D1%26o%3D20'), (3, 1, 'https://timgsa.baidu.com/timg?image&quality=80&size=b9999_10000&sec=1604509453053&di=05ed573340a71ec7515da0a5d2f383db&imgtype=0&src=http%3A%2F%2F5b0988e595225.cdn.sohucs.com%2Fimages%2F20190810%2F78733659406d4328a1b51ae9070b932c.jpeg'), (4, 1, ''), (5, 2, 'https://timgsa.baidu.com/timg?image&quality=80&size=b9999_10000&sec=1604509513940&di=996d8370b6db34400830b92dd9437543&imgtype=0&src=http%3A%2F%2F5b0988e595225.cdn.sohucs.com%2Fimages%2F20180703%2Fc84cf94a76534163af99dd9ee304ee9d.jpeg'), (6, 2, 'https://timgsa.baidu.com/timg?image&quality=80&size=b9999_10000&sec=1604509569814&di=b246d8da269a44c9385742966604e506&imgtype=0&src=http%3A%2F%2Fp0.meituan.net%2Fshaitu%2F6931da3ff171de90c765bacd3618145e2838405.jpg'), (7, 2, 'https://timgsa.baidu.com/timg?image&quality=80&size=b9999_10000&sec=1604509611250&di=86d8489526d01f7e104f7066c25da1d6&imgtype=0&src=http%3A%2F%2Fpic329.nipic.com%2Ffile%2F20200925%2F31653743_200951451254_2.jpg'), (8, 2, ''), (9, 3, 'https://timgsa.baidu.com/timg?image&quality=80&size=b9999_10000&sec=1604509650918&di=a7cb9631b952b0322827b2dddd90d38a&imgtype=0&src=http%3A%2F%2Fyun.ysoow.com%2F7401%2F2019%2F0628%2F20190628fgi1561710398.jpg'), (10, 3, 'https://timgsa.baidu.com/timg?image&quality=80&size=b9999_10000&sec=1604509684348&di=cfb893290a511a7b269e7ac76a66aaf0&imgtype=0&src=http%3A%2F%2Fb-ssl.duitang.com%2Fuploads%2Fitem%2F201407%2F27%2F20140727172554_VWCjZ.jpeg'), (11, 3, 'https://timgsa.baidu.com/timg?image&quality=80&size=b9999_10000&sec=1604509713241&di=cd1eb9d59472cd1bcf93b8532d09e28e&imgtype=0&src=http%3A%2F%2Fimg.mp.itc.cn%2Fupload%2F20170327%2Fb17a5fef1b284a7093fecadb672ec8b4_th.jpeg'), (12, 3, ''), (13, 5, 'https://timgsa.baidu.com/timg?image&quality=80&size=b9999_10000&sec=1604509753216&di=9a5755911463bfd0eef3d2eebdf9b84c&imgtype=0&src=http%3A%2F%2Fm.360buyimg.com%2Fn12%2Fjfs%2Ft2128%2F328%2F1471469517%2F245608%2F3f510f0b%2F56611904Ne2e4011c.jpg%2521q70.jpg'), (14, 5, 'https://timgsa.baidu.com/timg?image&quality=80&size=b9999_10000&sec=1604509792327&di=9d85be7ef632352571d4cac115e94cff&imgtype=0&src=http%3A%2F%2F5b0988e595225.cdn.sohucs.com%2Fimages%2F20180406%2F8aec08d695a54a5fa30be36541c8702e.png'), (15, 5, 'https://timgsa.baidu.com/timg?image&quality=80&size=b9999_10000&sec=1604509822793&di=aa015dfc0b9d371b88ba73b262d521c0&imgtype=0&src=http%3A%2F%2Fpic.health1.tw%2Fuploads%2Fe%2F6%2F0a01d58793c72e6e%2F1.jpg'), (16, 5, ''), (17, 6, 'https://timgsa.baidu.com/timg?image&quality=80&size=b9999_10000&sec=1604509865881&di=f24d71b7707263b1db7de00822e59f3f&imgtype=0&src=http%3A%2F%2Fimgsrc.baidu.com%2Fforum%2Fw%3D580%2Fsign%3D090475f2fe36afc30e0c3f6d8319eb85%2Fda1fbe096b63f624612b01318e44ebf81a4ca389.jpg'), (18, 6, 'https://timgsa.baidu.com/timg?image&quality=80&size=b9999_10000&sec=1604509901030&di=36a34213e2c0d465f4f0ba93f4768864&imgtype=0&src=http%3A%2F%2Fbpic.588ku.com%2Felement_origin_min_pic%2F18%2F06%2F10%2Ff7f962eed7d978ceb0ba127f482b4086.jpg'), (19, 6, 'https://timgsa.baidu.com/timg?image&quality=80&size=b9999_10000&sec=1604509931389&di=7d111e50be9ea046cfee145f5612e5ea&imgtype=0&src=http%3A%2F%2Fp1.meituan.net%2Fdealwatera%2F9289bff53c58ee0fd8edc61783571a2085455.jpg%40654h_702w_2e_90Q%257Cwatermark%3D1%26%26p%3D4'), (20, 6, ''), (21, 8, 'https://timgsa.baidu.com/timg?image&quality=80&size=b9999_10000&sec=1604509967291&di=dc24e377fbbf664d3f9ce17f962a7739&imgtype=0&src=http%3A%2F%2Fimg.mp.sohu.com%2Fq_70%2Cc_zoom%2Cw_640%2Fupload%2F20170811%2F436e9ebb58f74076a376f5fa188671f0_th.jpg'), (22, 8, 'https://timgsa.baidu.com/timg?image&quality=80&size=b9999_10000&sec=1604510000512&di=79ea7f8a2605d5bce0845c0dd5899e59&imgtype=0&src=http%3A%2F%2Fwaakuup.waaku.com%3A81%2Fu%2F125209%2F0303%2F158319460774573.jpg'), (23, 8, 'https://timgsa.baidu.com/timg?image&quality=80&size=b9999_10000&sec=1604510035878&di=b3a3dfe3d04c4d556e166451b19c3f7f&imgtype=0&src=http%3A%2F%2Fsem.g3img.com%2Fg3img%2Fwenjiuyu%2F20150906150147_33683.jpg'), (24, 8, ''), (25, 10, 'https://timgsa.baidu.com/timg?image&quality=80&size=b9999_10000&sec=1604510070276&di=9f629d3da45e6d243e6b0fef7a5adc64&imgtype=0&src=http%3A%2F%2Fcp1.douguo.net%2Fupload%2Fcaiku%2F6%2F5%2F9%2Fyuan_65ded1c5eb9b2d174f93785bf2117949.jpeg'), (26, 10, 'https://timgsa.baidu.com/timg?image&quality=80&size=b9999_10000&sec=1604510102872&di=136e6711b7ce95b8e93e6ce058ee6156&imgtype=0&src=http%3A%2F%2Fm.360buyimg.com%2Fn12%2Fg15%2FM03%2F00%2F1A%2FrBEhWVLKZBcIAAAAAAMLhAmULZEAAHnywIJ0fgAAwuc254.jpg%2521q70.jpg'), (27, 10, 'https://timgsa.baidu.com/timg?image&quality=80&size=b9999_10000&sec=1604510129956&di=6ed3353008307328ab47b525b10aeb10&imgtype=0&src=http%3A%2F%2Fdingyue.ws.126.net%2F2020%2F0516%2F604675cdj00qadrab0022c000hs00gqc.jpg'), (28, 10, ''), (29, 11, 'https://ss0.bdstatic.com/70cFvHSh_Q1YnxGkpoWK1HF6hhy/it/u=1147092639,3719204683&fm=26&gp=0.jpg'), (30, 11, 'https://timgsa.baidu.com/timg?image&quality=80&size=b9999_10000&sec=1604510223689&di=069bb0717d61c9b68c6ae2208f33e40e&imgtype=0&src=http%3A%2F%2Fimage6.huangye88.cn%2F2014%2F12%2F14%2Fbd40c91ac58899cd.jpg'), (31, 11, 'https://timgsa.baidu.com/timg?image&quality=80&size=b9999_10000&sec=1604510251339&di=9a5baafb76f477a0780f2158a0723ded&imgtype=0&src=http%3A%2F%2Fcbu01.alicdn.com%2Fimg%2Fibank%2F2018%2F024%2F905%2F9550509420_552894614.310x310.jpg'), (32, 11, ''), (33, 13, 'https://timgsa.baidu.com/timg?image&quality=80&size=b9999_10000&sec=1604510342673&di=5efbf878c9554bb81b9e6659b6b4e008&imgtype=0&src=http%3A%2F%2Fb-ssl.duitang.com%2Fuploads%2Fitem%2F201701%2F13%2F20170113204207_uKxMC.jpeg'), (34, 13, 'https://timgsa.baidu.com/timg?image&quality=80&size=b9999_10000&sec=1604510376072&di=9f5e6cf6dbf59275efc3bf961c201760&imgtype=0&src=http%3A%2F%2F5b0988e595225.cdn.sohucs.com%2Fimages%2F20190810%2F78733659406d4328a1b51ae9070b932c.jpeg'), (35, 13, 'https://ss0.bdstatic.com/70cFuHSh_Q1YnxGkpoWK1HF6hhy/it/u=4041950318,2081079570&fm=26&gp=0.jpg'), (36, 13, ''), (37, 14, 'https://timgsa.baidu.com/timg?image&quality=80&size=b9999_10000&sec=1604510443388&di=c13ea4acd1a26a533ea28653e88e4046&imgtype=0&src=http%3A%2F%2Fwww.zhichiwm.com%2FUploads%2FPicture%2F2019-11-02%2F5dbd061c39800_1572668956_388222745.jpg'), (38, 14, 'https://timgsa.baidu.com/timg?image&quality=80&size=b9999_10000&sec=1604510471066&di=0ddcde9a7ebf6e50856557e2eebc87df&imgtype=0&src=http%3A%2F%2Fp0.meituan.net%2Fxianfu%2F7af20e1e7bb17d952828329e8185229296256.jpg%2540249w_249h_1e_1c_1l%257Cwatermark%3D1%26%26r%3D1%26p%3D9%26x%3D2%26y%3D2%26relative%3D1%26o%3D20'), (39, 14, 'https://ss2.bdstatic.com/70cFvnSh_Q1YnxGkpoWK1HF6hhy/it/u=2731388717,2098792249&fm=26&gp=0.jpg'), (40, 14, ''), (41, 15, 'https://ss0.bdstatic.com/70cFvHSh_Q1YnxGkpoWK1HF6hhy/it/u=2409117946,3490083750&fm=26&gp=0.jpg'), (42, 15, 'https://timgsa.baidu.com/timg?image&quality=80&size=b9999_10000&sec=1604510586108&di=bd2f0b125df83684b18193368f4e0816&imgtype=0&src=http%3A%2F%2Fp1.meituan.net%2Fwmproduct%2F9d19a33365267ee5ab5d1ee93467e9c1159925.jpg%2540249w_249h_1e_1c_1l%257Cwatermark%3D1%26%26r%3D1%26p%3D9%26x%3D2%26y%3D2%26relative%3D1%26o%3D20'), (43, 15, 'https://timgsa.baidu.com/timg?image&quality=80&size=b9999_10000&sec=1604510618029&di=fa05d8d74fd29f84aa06a4f8cc8f819c&imgtype=0&src=http%3A%2F%2Fcompimg.go007.com%2FTestPic%2FBig%2F2018%2F2%2F10%2F10%2F20180210548586003.jpg'), (44, 15, ''), (45, 16, 'https://timgsa.baidu.com/timg?image&quality=80&size=b9999_10000&sec=1604510680759&di=bb335a0c534f8bff8225c6320f548bdb&imgtype=0&src=http%3A%2F%2Fimages.qudao.com%2Fbrandimgs%2F2015-04-30%2F5541ee606f48e_520_430.jpg'), (46, 16, 'https://timgsa.baidu.com/timg?image&quality=80&size=b9999_10000&sec=1604510710328&di=3ad603b2e0146e177add68d341f8743b&imgtype=0&src=http%3A%2F%2Fpic155.nipic.com%2Ffile%2F20180210%2F22504348_113641853000_2.jpg'), (47, 16, 'https://timgsa.baidu.com/timg?image&quality=80&size=b9999_10000&sec=1604510738075&di=045ec026f8ff544b29dcf3873968ed2d&imgtype=0&src=http%3A%2F%2Fqcloud.dpfile.com%2Fpc%2F5LRSNCF-hpoQC1XxiF_Aw-Tj9fD3Q63B_apqzRJwmTmH61fr-g3xGka-k_pA73zUjoJrvItByyS4HHaWdXyO_DrXIaWutJls2xCVbatkhjUNNiIYVnHvzugZCuBITtvjski7YaLlHpkrQUr5euoQrg.jpg'), (48, 16, ''), (49, 17, 'https://ss0.bdstatic.com/70cFvHSh_Q1YnxGkpoWK1HF6hhy/it/u=2310837928,1250619122&fm=26&gp=0.jpg'), (50, 17, 'https://timgsa.baidu.com/timg?image&quality=80&size=b9999_10000&sec=1604510793592&di=3b3811cc9ac7a04a5f0105ee08e87cff&imgtype=0&src=http%3A%2F%2F5b0988e595225.cdn.sohucs.com%2Fq_70%2Cc_zoom%2Cw_640%2Fimages%2F20181107%2Fd239a39e892747408441e7c128a1804b.jpeg'), (51, 17, 'https://timgsa.baidu.com/timg?image&quality=80&size=b9999_10000&sec=1604510827886&di=0a72b49be54446fcafde50728fd2def6&imgtype=0&src=http%3A%2F%2Fimg.lookmw.cn%2Flife%2F201704%2F7-1F41G41Q9.png'), (52, 17, ''), (53, 18, 'https://ss1.bdstatic.com/70cFuXSh_Q1YnxGkpoWK1HF6hhy/it/u=4243235952,3130446663&fm=26&gp=0.jpg'), (54, 18, 'https://timgsa.baidu.com/timg?image&quality=80&size=b9999_10000&sec=1604510887457&di=fbc6e01c674dd69b60f0cd6a3e57aef0&imgtype=0&src=http%3A%2F%2Fimg0.jxcaipu.com%2Frecipe%2F10%2F42%2F5ia9g2_720.jpg%3Fver%3D1'), (55, 18, 'https://ss1.bdstatic.com/70cFvXSh_Q1YnxGkpoWK1HF6hhy/it/u=2834055552,1415250061&fm=26&gp=0.jpg'), (56, 18, ''), (57, 19, 'https://timgsa.baidu.com/timg?image&quality=80&size=b9999_10000&sec=1604510947391&di=e4c3395a707ce43af2bc1545b87b3012&imgtype=0&src=http%3A%2F%2Fpic1.58cdn.com.cn%2Fzhuanzh%2Fn_v25bdff11f50174c6189b83536ee4281c8.jpg%3Fw%3D750%26h%3D0'), (58, 19, 'https://timgsa.baidu.com/timg?image&quality=80&size=b9999_10000&sec=1604510971891&di=b5c66c32b5dbfb907e8e06d816885711&imgtype=0&src=http%3A%2F%2Fp0.meituan.net%2Fdealwatera%2F7d4ca8260f0b2118dd24cedad91d6604192281.jpg%40639h_702w_2e_90Q%257Cwatermark%3D1%26%26p%3D4'), (59, 19, 'https://timgsa.baidu.com/timg?image&quality=80&size=b9999_10000&sec=1604511007705&di=17f53306079f068cf129a9e460baf6f1&imgtype=0&src=http%3A%2F%2Fimage.sonhoo.com%2Fserver13%2Fphotos%2Fphoto%2Fconghai%2F87250476ea18062e538d56cbad2f91a7.jpg'), (60, 19, ''), (61, 20, 'https://timgsa.baidu.com/timg?image&quality=80&size=b9999_10000&sec=1604511041940&di=348a68c4f87e999bf2bc5a10f99f2522&imgtype=0&src=http%3A%2F%2F5b0988e595225.cdn.sohucs.com%2Fimages%2F20180207%2F64e96a52c8c349e1b5d66fc6b4d24a02.jpeg'), (62, 20, 'https://timgsa.baidu.com/timg?image&quality=80&size=b9999_10000&sec=1604511065503&di=f376e38c0167a6c5c803abc3b42f1f2a&imgtype=0&src=http%3A%2F%2Fsite.meishij.net%2Fp%2F190%2F33%2F4820940%2Fs4820940_143965934486456.jpg'), (63, 20, 'https://ss1.bdstatic.com/70cFuXSh_Q1YnxGkpoWK1HF6hhy/it/u=3398421271,508090036&fm=26&gp=0.jpg'), (64, 20, ''), (65, 22, 'https://ss2.bdstatic.com/70cFvnSh_Q1YnxGkpoWK1HF6hhy/it/u=1465539929,648057681&fm=26&gp=0.jpg'), (66, 22, 'https://ss0.bdstatic.com/70cFuHSh_Q1YnxGkpoWK1HF6hhy/it/u=2257411355,206764325&fm=26&gp=0.jpg'), (67, 22, 'https://ss0.bdstatic.com/70cFvHSh_Q1YnxGkpoWK1HF6hhy/it/u=2721934210,2988908778&fm=26&gp=0.jpg'), (68, 22, 'https://ss1.bdstatic.com/70cFvXSh_Q1YnxGkpoWK1HF6hhy/it/u=2423332359,4237789478&fm=26&gp=0.jpg'), (69, 23, 'https://ss1.bdstatic.com/70cFvXSh_Q1YnxGkpoWK1HF6hhy/it/u=1428955563,31632970&fm=15&gp=0.jpg'), (70, 23, 'https://ss1.bdstatic.com/70cFuXSh_Q1YnxGkpoWK1HF6hhy/it/u=1870979562,132984113&fm=26&gp=0.jpg'), (71, 23, 'https://ss3.bdstatic.com/70cFv8Sh_Q1YnxGkpoWK1HF6hhy/it/u=3724431621,1356737476&fm=26&gp=0.jpg'), (72, 23, 'https://ss1.bdstatic.com/70cFvXSh_Q1YnxGkpoWK1HF6hhy/it/u=1867986005,615121220&fm=26&gp=0.jpg'), (73, 24, 'http://img.a1.mvote.net/imgsource/thumwidth_900_C0FD1132-BCD7-E4C9-69E8-23BDC72DEC59_src.jpg'), (74, 24, 'http://img.a1.mvote.net/imgsource/thumwidth_900_0BD5FB95-BC6F-23F3-D857-604BCC23AFDD_src.jpg'), (75, 24, 'http://img.a1.mvote.net/imgsource/thumwidth_900_B1528CD4-35D2-3854-6C8E-A3C3DD56E016_src.jpg'), (76, 24, 'http://img.a1.mvote.net/imgsource/thumwidth_900_5489C66E-A60F-533F-DB7C-5C3B902F2550_src.jpg'), (77, 25, 'http://img.a1.mvote.net/imgsource/thumwidth_900_FFB3D4FA-E370-CA18-76A1-CB7B6B0BFE22_src.jpg'), (78, 25, 'http://img.a1.mvote.net/imgsource/thumwidth_900_E613536F-B737-1EFA-3C6F-EC36E9727B58_src.jpg'), (79, 25, 'http://img.a1.mvote.net/imgsource/thumwidth_900_0318FEA8-CF31-463C-7DCC-8EAE4F29822E_src.jpg'), (80, 25, 'http://img.a1.mvote.net/imgsource/thumwidth_900_33E60FBE-7B24-9A87-2392-54B0B3117A8C_src.jpg'), (81, 26, 'http://img.a1.mvote.net/imgsource/thumwidth_900_68806E24-CA1E-6C8D-055A-0694688EB221_src.jpg'), (82, 26, 'http://img.a1.mvote.net/imgsource/thumwidth_900_8A681D54-826A-FDD1-60F6-86D8AF1BAA41_src.jpg'), (83, 26, 'http://img.a1.mvote.net/imgsource/thumwidth_900_3DE9A509-3864-2B3F-E5A4-7C73EBD60231_src.jpg'), (84, 26, 'http://img.a1.mvote.net/imgsource/thumwidth_900_F2B87579-4CC4-350C-D5BE-9C7CC889C298_src.jpg'), (85, 27, 'http://img.a1.mvote.net/imgsource/thumwidth_900_D0D63BA4-B6DD-3A99-3A21-09C55FD193FF_src.jpg'), (86, 27, 'http://img.a1.mvote.net/imgsource/thumwidth_900_C7FFA9F5-D461-6408-6AAD-E90D199ED74A_src.jpg'), (87, 27, 'http://img.a1.mvote.net/imgsource/thumwidth_900_CFB0DBC0-B7DE-AD89-75FC-39E50B989F29_src.jpg'), (88, 27, 'http://img.a1.mvote.net/imgsource/thumwidth_900_92CE8216-00D6-36F2-7931-1CD4BAC4EC63_src.jpg'), (89, 28, 'http://img.a1.mvote.net/imgsource/thumwidth_900_FABF4334-FFE3-F2DE-2DD9-5526BCBA6A16_src.jpg'), (90, 28, 'http://img.a1.mvote.net/imgsource/thumwidth_900_18E47F78-5008-9CDC-010C-C2C0840BBD17_src.jpg'), (91, 28, 'http://img.a1.mvote.net/imgsource/thumwidth_900_FA2BECF4-F661-BDDD-F0EC-267F106621BF_src.jpg'), (92, 28, 'http://img.a1.mvote.net/imgsource/thumwidth_900_A5A61633-700E-DB97-FAB9-8984FF82EA41_src.jpg'), (93, 29, 'http://img.a1.mvote.net/imgsource/thumwidth_900_9F3BE98B-7F9A-BCFE-D956-6E161EB4729E_src.jpg'), (94, 29, 'http://img.a1.mvote.net/imgsource/thumwidth_900_6C364B25-82A5-FE98-5092-4DA47C8F3588_src.jpg'), (95, 29, 'http://img.a1.mvote.net/imgsource/thumwidth_900_D74302C6-0A9B-C80B-3F39-250431D0CF03_src.jpg'), (96, 29, 'http://img.a1.mvote.net/imgsource/thumwidth_900_A4694A5A-606E-C911-5AB2-DFB0DAB5E781_src.jpg'), (97, 30, 'http://img.a1.mvote.net/imgsource/thumwidth_900_4D29F98A-AB2A-D5E0-7E88-651455F4CD2E_src.jpg'), (98, 30, 'http://img.a1.mvote.net/imgsource/thumwidth_900_9E07437A-ED71-8A47-AC89-B6AAC84CD0EA_src.jpg'), (99, 30, 'http://img.a1.mvote.net/imgsource/thumwidth_900_6ECF9C82-0C00-D04F-26EA-C06CA396910C_src.jpg'), (100, 30, 'http://img.a1.mvote.net/imgsource/thumwidth_900_31E99400-057E-30BB-C5B5-B42289CB53B9_src.jpg'), (101, 31, 'http://img.a1.mvote.net/imgsource/thumwidth_900_318FBB9C-DAA8-9085-4E98-9356FC42114F_src.jpg'), (102, 31, 'http://img.a1.mvote.net/imgsource/thumwidth_900_1AE0DE04-3243-0A54-F2C4-98F718A5D6C7_src.jpg'), (103, 31, 'http://img.a1.mvote.net/imgsource/thumwidth_900_8F221E89-2B52-0627-46D3-5903DA1A4CE6_src.jpg'), (104, 31, 'http://img.a1.mvote.net/imgsource/thumwidth_900_89A25911-F5B4-2C08-D666-99A8C6440425_src.jpg'), (105, 32, 'http://img.a1.mvote.net/imgsource/thumwidth_900_53B71131-8240-C40B-B1CD-C6C364FE3970_src.jpg'), (106, 32, 'http://img.a1.mvote.net/imgsource/thumwidth_900_2D2CB506-24EB-8791-BB09-B4405E5F445B_src.jpg'), (107, 32, 'http://img.a1.mvote.net/imgsource/thumwidth_900_69995FC9-DBD5-881D-C04D-CC9F63083B4B_src.jpg'), (108, 32, 'http://img.a1.mvote.net/imgsource/thumwidth_900_9D915CC2-FDA6-510F-4DCC-3A71A4A3D65C_src.jpg'), (109, 33, 'http://img.a1.mvote.net/imgsource/thumwidth_900_B0D7787A-9B72-099A-3F95-0C8AAAE404FA_src.jpg'), (110, 33, 'http://img.a1.mvote.net/imgsource/thumwidth_900_6CA6B856-EDA1-DBE9-F792-8B16E882ED7E_src.jpg'), (111, 33, 'http://img.a1.mvote.net/imgsource/thumwidth_900_81F5CD27-13D2-E640-8C8B-5EBF5D5F18F4_src.jpg'), (112, 33, 'http://img.a1.mvote.net/imgsource/thumwidth_900_548F91FF-DCBC-43E9-5BDF-288978CB2148_src.jpg'), (113, 34, 'http://img.a1.mvote.net/imgsource/thumwidth_900_803CD9CA-B477-F96C-A9EE-622E6EDABEF3_src.jpg'), (114, 34, 'http://img.a1.mvote.net/imgsource/thumwidth_900_9BE03B9E-A063-C476-E147-54DD2EA1E656_src.jpg'), (115, 34, 'http://img.a1.mvote.net/imgsource/thumwidth_900_8C2166F2-AD5A-8BB3-C9BC-2B5590D0086D_src.jpg'), (116, 35, 'http://img.a1.mvote.net/imgsource/thumwidth_900_EDB34915-2FAD-5ED1-0F3B-B563D62C34FA_src.jpg'), (117, 35, 'http://img.a1.mvote.net/imgsource/thumwidth_900_03AAE8B4-010F-CE1A-7E98-B2C956B975E0_src.jpg'), (118, 36, 'http://img.a1.mvote.net/imgsource/thumwidth_900_9FB83B05-C4AB-D45F-6D88-5A150F0429F2_src.jpg'), (119, 36, 'http://img.a1.mvote.net/imgsource/thumwidth_900_5BFA8741-10EC-FDDC-951F-B69B1EA5C9BF_src.jpg'), (120, 36, 'http://img.a1.mvote.net/imgsource/thumwidth_900_217FBF53-0A48-ABE6-9E6E-DEF250EF66DE_src.jpg'), (121, 38, 'http://img.a1.mvote.net/imgsource/thumwidth_900_3403EE59-8878-5346-DEF1-98100CC99F6D_src.jpg'), (122, 38, 'http://img.a1.mvote.net/imgsource/thumwidth_900_703AD297-660F-E374-1918-DEACE4241A25_src.jpg'), (123, 39, 'http://img.a1.mvote.net/imgsource/thumwidth_900_97829A4D-CE62-85FC-648F-36BAACA0C260_src.jpg'), (124, 39, 'http://img.a1.mvote.net/imgsource/thumwidth_900_03F84882-FA7F-8095-2BCF-8A3406CE3EB7_src.jpg'), (125, 39, 'http://img.a1.mvote.net/imgsource/thumwidth_900_2DC17791-8643-D857-6D65-F40F633B85B1_src.jpg'), (126, 39, 'http://img.a1.mvote.net/imgsource/thumwidth_900_E0F2DB32-76B6-CB50-7063-CE2013A7D6B6_src.jpg'), (127, 40, 'http://img.a1.mvote.net/imgsource/thumwidth_900_B94C1C72-F422-E436-EE9E-0863A5F40F21_src.jpg'), (128, 40, 'https://ss1.bdstatic.com/70cFuXSh_Q1YnxGkpoWK1HF6hhy/it/u=1057651190,438827919&fm=26&gp=0.jpg'), (129, 40, 'https://ss1.bdstatic.com/70cFvXSh_Q1YnxGkpoWK1HF6hhy/it/u=1792595238,1815995671&fm=26&gp=0.jpg'), (130, 40, 'https://ss3.bdstatic.com/70cFv8Sh_Q1YnxGkpoWK1HF6hhy/it/u=2205723809,17939866&fm=26&gp=0.jpg'), (131, 41, 'https://ss2.bdstatic.com/70cFvnSh_Q1YnxGkpoWK1HF6hhy/it/u=2075358348,4049359548&fm=26&gp=0.jpg'), (132, 41, 'https://ss1.bdstatic.com/70cFvXSh_Q1YnxGkpoWK1HF6hhy/it/u=3829535277,3588222026&fm=26&gp=0.jpg'), (133, 41, 'https://ss0.bdstatic.com/70cFuHSh_Q1YnxGkpoWK1HF6hhy/it/u=2970659399,2191822953&fm=26&gp=0.jpg'), (134, 41, 'https://ss1.bdstatic.com/70cFuXSh_Q1YnxGkpoWK1HF6hhy/it/u=288149571,1472595164&fm=26&gp=0.jpg'), (135, 42, 'https://ss2.bdstatic.com/70cFvnSh_Q1YnxGkpoWK1HF6hhy/it/u=1921170188,3786747604&fm=26&gp=0.jpg'), (136, 42, 'https://ss0.bdstatic.com/70cFuHSh_Q1YnxGkpoWK1HF6hhy/it/u=1240996960,366876630&fm=26&gp=0.jpg'), (137, 42, 'https://ss0.bdstatic.com/70cFvHSh_Q1YnxGkpoWK1HF6hhy/it/u=3917469652,375380096&fm=26&gp=0.jpg'), (138, 42, 'https://ss1.bdstatic.com/70cFuXSh_Q1YnxGkpoWK1HF6hhy/it/u=3055582138,4244632055&fm=26&gp=0.jpg'), (139, 43, 'https://ss0.bdstatic.com/70cFvHSh_Q1YnxGkpoWK1HF6hhy/it/u=2523665323,1010656493&fm=26&gp=0.jpg'), (140, 43, 'https://ss0.bdstatic.com/70cFuHSh_Q1YnxGkpoWK1HF6hhy/it/u=1415832768,1007719954&fm=26&gp=0.jpg'), (141, 43, 'https://ss1.bdstatic.com/70cFvXSh_Q1YnxGkpoWK1HF6hhy/it/u=2494057989,2559923570&fm=26&gp=0.jpg'), (142, 43, 'https://ss1.bdstatic.com/70cFuXSh_Q1YnxGkpoWK1HF6hhy/it/u=2856797514,3178510443&fm=26&gp=0.jpg'), (143, 44, 'https://ss0.bdstatic.com/70cFuHSh_Q1YnxGkpoWK1HF6hhy/it/u=2194914406,4245950680&fm=26&gp=0.jpg'), (144, 44, 'https://ss2.bdstatic.com/70cFvnSh_Q1YnxGkpoWK1HF6hhy/it/u=645066544,800878732&fm=26&gp=0.jpg'), (145, 44, 'https://ss2.bdstatic.com/70cFvnSh_Q1YnxGkpoWK1HF6hhy/it/u=1402340811,3812008461&fm=26&gp=0.jpg'), (146, 44, 'https://ss0.bdstatic.com/70cFvHSh_Q1YnxGkpoWK1HF6hhy/it/u=2597680348,2616335784&fm=26&gp=0.jpg'), (147, 45, 'https://ss1.bdstatic.com/70cFvXSh_Q1YnxGkpoWK1HF6hhy/it/u=1952477450,98316335&fm=26&gp=0.jpg'), (148, 45, 'https://ss0.bdstatic.com/70cFvHSh_Q1YnxGkpoWK1HF6hhy/it/u=3315478830,118005678&fm=26&gp=0.jpg'), (149, 45, 'https://ss2.bdstatic.com/70cFvnSh_Q1YnxGkpoWK1HF6hhy/it/u=1860256968,792162830&fm=26&gp=0.jpg'), (150, 45, 'https://ss2.bdstatic.com/70cFvnSh_Q1YnxGkpoWK1HF6hhy/it/u=1885886688,889562108&fm=26&gp=0.jpg'), (151, 46, 'https://ss3.bdstatic.com/70cFv8Sh_Q1YnxGkpoWK1HF6hhy/it/u=2789871819,3364242076&fm=26&gp=0.jpg'), (152, 46, 'https://ss2.bdstatic.com/70cFvnSh_Q1YnxGkpoWK1HF6hhy/it/u=1056535630,4175693906&fm=26&gp=0.jpg'), (153, 46, 'https://ss0.bdstatic.com/70cFvHSh_Q1YnxGkpoWK1HF6hhy/it/u=2279880580,3543600072&fm=26&gp=0.jpg'), (154, 46, 'https://ss1.bdstatic.com/70cFuXSh_Q1YnxGkpoWK1HF6hhy/it/u=289401404,3601239741&fm=26&gp=0.jpg'), (155, 47, 'https://ss1.bdstatic.com/70cFuXSh_Q1YnxGkpoWK1HF6hhy/it/u=1709482371,1180362356&fm=26&gp=0.jpg'), (156, 47, 'https://ss1.bdstatic.com/70cFuXSh_Q1YnxGkpoWK1HF6hhy/it/u=2253059175,1510858796&fm=26&gp=0.jpg'), (157, 47, 'https://ss0.bdstatic.com/70cFvHSh_Q1YnxGkpoWK1HF6hhy/it/u=315581990,384867094&fm=26&gp=0.jpg'), (158, 47, 'https://ss0.bdstatic.com/70cFuHSh_Q1YnxGkpoWK1HF6hhy/it/u=2304541839,1283657065&fm=26&gp=0.jpg'), (159, 48, 'https://ss1.bdstatic.com/70cFuXSh_Q1YnxGkpoWK1HF6hhy/it/u=1499334468,1653613055&fm=26&gp=0.jpg'), (160, 48, 'https://ss3.bdstatic.com/70cFv8Sh_Q1YnxGkpoWK1HF6hhy/it/u=809389347,3703083772&fm=26&gp=0.jpg'), (161, 48, 'https://ss2.bdstatic.com/70cFvnSh_Q1YnxGkpoWK1HF6hhy/it/u=3085823300,895053366&fm=26&gp=0.jpg'), (162, 48, 'https://ss1.bdstatic.com/70cFvXSh_Q1YnxGkpoWK1HF6hhy/it/u=399269288,2394380531&fm=26&gp=0.jpg'), (163, 49, 'https://ss0.bdstatic.com/70cFvHSh_Q1YnxGkpoWK1HF6hhy/it/u=2304803005,1265425127&fm=26&gp=0.jpg'), (164, 49, 'https://ss1.bdstatic.com/70cFuXSh_Q1YnxGkpoWK1HF6hhy/it/u=1420269022,2095668799&fm=26&gp=0.jpg'), (165, 49, 'https://ss2.bdstatic.com/70cFvnSh_Q1YnxGkpoWK1HF6hhy/it/u=40006128,1535373890&fm=26&gp=0.jpg'), (166, 49, 'https://ss3.bdstatic.com/70cFv8Sh_Q1YnxGkpoWK1HF6hhy/it/u=1653544493,491496196&fm=26&gp=0.jpg'), (167, 50, 'https://ss2.bdstatic.com/70cFvnSh_Q1YnxGkpoWK1HF6hhy/it/u=3262716272,3863802508&fm=26&gp=0.jpg'), (168, 50, 'https://ss3.bdstatic.com/70cFv8Sh_Q1YnxGkpoWK1HF6hhy/it/u=1006329773,2800163962&fm=26&gp=0.jpg'), (169, 50, 'https://ss0.bdstatic.com/70cFuHSh_Q1YnxGkpoWK1HF6hhy/it/u=3994142064,1894935350&fm=26&gp=0.jpg'), (170, 50, 'https://ss1.bdstatic.com/70cFuXSh_Q1YnxGkpoWK1HF6hhy/it/u=2667998516,702940929&fm=26&gp=0.jpg'), (171, 51, 'https://ss2.bdstatic.com/70cFvnSh_Q1YnxGkpoWK1HF6hhy/it/u=1878154149,1901968271&fm=26&gp=0.jpg'), (172, 51, 'https://ss0.bdstatic.com/70cFvHSh_Q1YnxGkpoWK1HF6hhy/it/u=1701155200,274875944&fm=26&gp=0.jpg'), (173, 51, 'https://ss1.bdstatic.com/70cFvXSh_Q1YnxGkpoWK1HF6hhy/it/u=3428219089,4049831452&fm=26&gp=0.jpg'), (174, 51, 'https://ss3.bdstatic.com/70cFv8Sh_Q1YnxGkpoWK1HF6hhy/it/u=871108586,2492415433&fm=26&gp=0.jpg'), (175, 52, 'https://ss3.bdstatic.com/70cFv8Sh_Q1YnxGkpoWK1HF6hhy/it/u=369596895,1584018636&fm=26&gp=0.jpg'), (176, 52, 'https://ss3.bdstatic.com/70cFv8Sh_Q1YnxGkpoWK1HF6hhy/it/u=1121158386,1151698845&fm=26&gp=0.jpg'), (177, 52, 'https://ss2.bdstatic.com/70cFvnSh_Q1YnxGkpoWK1HF6hhy/it/u=2540521028,1797357922&fm=26&gp=0.jpg'), (178, 52, 'https://ss1.bdstatic.com/70cFuXSh_Q1YnxGkpoWK1HF6hhy/it/u=1487406114,156752711&fm=26&gp=0.jpg'), (179, 53, 'https://ss2.bdstatic.com/70cFvnSh_Q1YnxGkpoWK1HF6hhy/it/u=2853645906,1249624346&fm=26&gp=0.jpg'), (180, 53, 'https://ss0.bdstatic.com/70cFuHSh_Q1YnxGkpoWK1HF6hhy/it/u=2428519849,1540258671&fm=26&gp=0.jpg'), (181, 53, 'https://ss1.bdstatic.com/70cFvXSh_Q1YnxGkpoWK1HF6hhy/it/u=3079324695,1950743006&fm=26&gp=0.jpg'), (182, 53, 'https://ss2.bdstatic.com/70cFvnSh_Q1YnxGkpoWK1HF6hhy/it/u=1698878552,679046418&fm=26&gp=0.jpg'), (183, 55, 'https://ss3.bdstatic.com/70cFv8Sh_Q1YnxGkpoWK1HF6hhy/it/u=1861844910,2436645019&fm=26&gp=0.jpg'), (184, 55, 'https://ss0.bdstatic.com/70cFuHSh_Q1YnxGkpoWK1HF6hhy/it/u=2119178685,2119458301&fm=26&gp=0.jpg'), (185, 55, 'https://ss3.bdstatic.com/70cFv8Sh_Q1YnxGkpoWK1HF6hhy/it/u=3901461688,910597041&fm=26&gp=0.jpg'), (186, 55, 'https://ss0.bdstatic.com/70cFvHSh_Q1YnxGkpoWK1HF6hhy/it/u=2048144812,776684486&fm=26&gp=0.jpg'), (187, 56, 'https://ss0.bdstatic.com/70cFuHSh_Q1YnxGkpoWK1HF6hhy/it/u=3214251347,2921164935&fm=26&gp=0.jpg'), (188, 56, 'https://ss0.bdstatic.com/70cFuHSh_Q1YnxGkpoWK1HF6hhy/it/u=248032988,3922787900&fm=26&gp=0.jpg'), (189, 56, 'https://ss1.bdstatic.com/70cFvXSh_Q1YnxGkpoWK1HF6hhy/it/u=3908801094,648385985&fm=11&gp=0.jpg'), (190, 56, 'https://ss3.bdstatic.com/70cFv8Sh_Q1YnxGkpoWK1HF6hhy/it/u=1095205375,4123605576&fm=26&gp=0.jpg'), (191, 57, 'https://ss0.bdstatic.com/70cFuHSh_Q1YnxGkpoWK1HF6hhy/it/u=750831680,4191311502&fm=26&gp=0.jpg'), (192, 57, 'https://ss1.bdstatic.com/70cFvXSh_Q1YnxGkpoWK1HF6hhy/it/u=944119686,1926260203&fm=26&gp=0.jpg'), (193, 57, 'https://ss2.bdstatic.com/70cFvnSh_Q1YnxGkpoWK1HF6hhy/it/u=3413648628,1363449504&fm=26&gp=0.jpg'), (194, 57, 'https://ss2.bdstatic.com/70cFvnSh_Q1YnxGkpoWK1HF6hhy/it/u=1754732599,891275263&fm=26&gp=0.jpg'), (195, 58, 'https://ss0.bdstatic.com/70cFuHSh_Q1YnxGkpoWK1HF6hhy/it/u=2645131606,3358785172&fm=26&gp=0.jpg'), (196, 58, 'https://ss3.bdstatic.com/70cFv8Sh_Q1YnxGkpoWK1HF6hhy/it/u=107597917,660930494&fm=26&gp=0.jpg'), (197, 58, 'https://ss3.bdstatic.com/70cFv8Sh_Q1YnxGkpoWK1HF6hhy/it/u=3543741437,4172592788&fm=26&gp=0.jpg'), (198, 58, 'https://ss0.bdstatic.com/70cFuHSh_Q1YnxGkpoWK1HF6hhy/it/u=329532665,2614109429&fm=26&gp=0.jpg'), (199, 59, 'https://ss0.bdstatic.com/70cFuHSh_Q1YnxGkpoWK1HF6hhy/it/u=3796932419,2037575673&fm=26&gp=0.jpg'), (200, 59, 'https://ss0.bdstatic.com/70cFvHSh_Q1YnxGkpoWK1HF6hhy/it/u=2785354269,1001735607&fm=26&gp=0.jpg'), (201, 59, 'https://ss2.bdstatic.com/70cFvnSh_Q1YnxGkpoWK1HF6hhy/it/u=2081971284,2154218120&fm=26&gp=0.jpg'), (202, 59, 'https://ss3.bdstatic.com/70cFv8Sh_Q1YnxGkpoWK1HF6hhy/it/u=2200641106,62198825&fm=26&gp=0.jpg'), (203, 60, 'https://ss1.bdstatic.com/70cFuXSh_Q1YnxGkpoWK1HF6hhy/it/u=3165277108,2377232411&fm=26&gp=0.jpg'), (204, 60, 'https://ss1.bdstatic.com/70cFuXSh_Q1YnxGkpoWK1HF6hhy/it/u=380222149,1574928784&fm=26&gp=0.jpg'), (205, 60, 'https://ss1.bdstatic.com/70cFuXSh_Q1YnxGkpoWK1HF6hhy/it/u=2867926465,1862413460&fm=26&gp=0.jpg'), (206, 60, 'https://ss3.bdstatic.com/70cFv8Sh_Q1YnxGkpoWK1HF6hhy/it/u=127391348,2372136709&fm=26&gp=0.jpg');
COMMIT;

-- ----------------------------
-- Table structure for shopkeeper
-- ----------------------------
DROP TABLE IF EXISTS `shopkeeper`;
CREATE TABLE `shopkeeper`  (
  `sid` int(10) UNSIGNED NOT NULL AUTO_INCREMENT,
  `sname` varchar(20) CHARACTER SET utf8mb4 COLLATE utf8mb4_0900_ai_ci NULL DEFAULT NULL,
  `spwd` varchar(20) CHARACTER SET utf8mb4 COLLATE utf8mb4_0900_ai_ci NULL DEFAULT NULL,
  `shopname` varchar(25) CHARACTER SET utf8mb4 COLLATE utf8mb4_0900_ai_ci NOT NULL,
  `scanteen` varchar(20) CHARACTER SET utf8mb4 COLLATE utf8mb4_0900_ai_ci NOT NULL,
  `slogo` varchar(500) CHARACTER SET utf8mb4 COLLATE utf8mb4_0900_ai_ci NOT NULL,
  `slogan` varchar(50) CHARACTER SET utf8mb4 COLLATE utf8mb4_0900_ai_ci NOT NULL,
  PRIMARY KEY (`sid`) USING BTREE,
  UNIQUE INDEX `unique_shopname`(`shopname`) USING BTREE
) ENGINE = InnoDB AUTO_INCREMENT = 61 CHARACTER SET = utf8mb4 COLLATE = utf8mb4_0900_ai_ci;

-- ----------------------------
-- Records of shopkeeper
-- ----------------------------
BEGIN;
INSERT INTO `shopkeeper` VALUES (1, NULL, NULL, '重庆酸辣粉', '东湖畔', 'https://timgsa.baidu.com/timg?image&quality=80&size=b9999_10000&sec=1604502363271&di=79516df21950aef4cee1e11082fb29ba&imgtype=0&src=http%3A%2F%2F5b0988e595225.cdn.sohucs.com%2Fimages%2F20180207%2F64e96a52c8c349e1b5d66fc6b4d24a02.jpeg', '做好每一份'), (2, NULL, NULL, '秘制花甲', '东湖畔', 'https://timgsa.baidu.com/timg?image&quality=80&size=b9999_10000&sec=1604509513940&di=996d8370b6db34400830b92dd9437543&imgtype=0&src=http%3A%2F%2F5b0988e595225.cdn.sohucs.com%2Fimages%2F20180703%2Fc84cf94a76534163af99dd9ee304ee9d.jpeg', '真做好每一份餐 干净卫生排第一'), (3, NULL, NULL, '烙馍卷菜', '东湖畔', 'https://timgsa.baidu.com/timg?image&quality=80&size=b9999_10000&sec=1604509650918&di=a7cb9631b952b0322827b2dddd90d38a&imgtype=0&src=http%3A%2F%2Fyun.ysoow.com%2F7401%2F2019%2F0628%2F20190628fgi1561710398.jpg', '美食生活，健康你我'), (6, NULL, NULL, '缘味先石锅饭', '东湖畔', 'https://timgsa.baidu.com/timg?image&quality=80&size=b9999_10000&sec=1604509865881&di=f24d71b7707263b1db7de00822e59f3f&imgtype=0&src=http%3A%2F%2Fimgsrc.baidu.com%2Fforum%2Fw%3D580%2Fsign%3D090475f2fe36afc30e0c3f6d8319eb85%2Fda1fbe096b63f624612b01318e44ebf81a4ca389.jpg', '欢迎新老同学前来品尝'), (8, NULL, NULL, '爱比心麻辣烫', '东湖畔', 'https://timgsa.baidu.com/timg?image&quality=80&size=b9999_10000&sec=1604509967291&di=dc24e377fbbf664d3f9ce17f962a7739&imgtype=0&src=http%3A%2F%2Fimg.mp.sohu.com%2Fq_70%2Cc_zoom%2Cw_640%2Fupload%2F20170811%2F436e9ebb58f74076a376f5fa188671f0_th.jpg', '爱你，爱我，爱家，用心，尽心，精心，爱比心:真诚为大家服务，用心做好每一份餐品'), (10, NULL, NULL, '马记牛肉拉面', '品中食尚', 'https://timgsa.baidu.com/timg?image&quality=80&size=b9999_10000&sec=1604510070276&di=9f629d3da45e6d243e6b0fef7a5adc64&imgtype=0&src=http%3A%2F%2Fcp1.douguo.net%2Fupload%2Fcaiku%2F6%2F5%2F9%2Fyuan_65ded1c5eb9b2d174f93785bf2117949.jpeg', '用心做好面，兰州牛肉拉面，极致新食尚，我们挑剔，只为你不再挑选，欢迎你们来品尝！'), (11, NULL, NULL, '姐弟俩砂锅土豆粉 五谷鑫鱻渔粉', '品中食尚', 'https://ss0.bdstatic.com/70cFvHSh_Q1YnxGkpoWK1HF6hhy/it/u=1147092639,3719204683&fm=26&gp=0.jpg', '以实力战胜同学的口味，做出不一样的味道'), (13, NULL, NULL, '鸭腿饭', '民族餐厅', 'https://timgsa.baidu.com/timg?image&quality=80&size=b9999_10000&sec=1604510342673&di=5efbf878c9554bb81b9e6659b6b4e008&imgtype=0&src=http%3A%2F%2Fb-ssl.duitang.com%2Fuploads%2Fitem%2F201701%2F13%2F20170113204207_uKxMC.jpeg', '复制上家粘贴下家总结我全都要'), (14, NULL, NULL, '盖浇饭，烤鱼饭', '民族餐厅', 'https://timgsa.baidu.com/timg?image&quality=80&size=b9999_10000&sec=1604510443388&di=c13ea4acd1a26a533ea28653e88e4046&imgtype=0&src=http%3A%2F%2Fwww.zhichiwm.com%2FUploads%2FPicture%2F2019-11-02%2F5dbd061c39800_1572668956_388222745.jpg', '不为别的，只是想让大家有更多的时间学习，不用跑来跑去'), (15, NULL, NULL, '黄焖鸡米饭', '民族餐厅', 'https://ss0.bdstatic.com/70cFvHSh_Q1YnxGkpoWK1HF6hhy/it/u=2409117946,3490083750&fm=26&gp=0.jpg', '一年销量可绕河职十圈'), (16, NULL, NULL, '红红火火麻辣烫', '民族餐厅', 'https://timgsa.baidu.com/timg?image&quality=80&size=b9999_10000&sec=1604510680759&di=bb335a0c534f8bff8225c6320f548bdb&imgtype=0&src=http%3A%2F%2Fimages.qudao.com%2Fbrandimgs%2F2015-04-30%2F5541ee606f48e_520_430.jpg', '清真界最好的麻辣烫'), (17, NULL, NULL, '新茶地带', '民族餐厅', 'https://ss0.bdstatic.com/70cFvHSh_Q1YnxGkpoWK1HF6hhy/it/u=2310837928,1250619122&fm=26&gp=0.jpg', '能得到同学的认可，是我最大的动力'), (18, NULL, NULL, '早晚餐', '民族餐厅', 'https://ss1.bdstatic.com/70cFuXSh_Q1YnxGkpoWK1HF6hhy/it/u=4243235952,3130446663&fm=26&gp=0.jpg', '最美商户势在必得'), (19, NULL, NULL, '洛阳风味羊肉汤', '民族餐厅', 'https://timgsa.baidu.com/timg?image&quality=80&size=b9999_10000&sec=1604510947391&di=e4c3395a707ce43af2bc1545b87b3012&imgtype=0&src=http%3A%2F%2Fpic1.58cdn.com.cn%2Fzhuanzh%2Fn_v25bdff11f50174c6189b83536ee4281c8.jpg%3Fw%3D750%26h%3D0', '一切为了更好的服务'), (20, NULL, NULL, '刘记风味砂锅', '民族餐厅', 'https://timgsa.baidu.com/timg?image&quality=80&size=b9999_10000&sec=1604511041940&di=348a68c4f87e999bf2bc5a10f99f2522&imgtype=0&src=http%3A%2F%2F5b0988e595225.cdn.sohucs.com%2Fimages%2F20180207%2F64e96a52c8c349e1b5d66fc6b4d24a02.jpeg', '。。。。。。。。。。。。。。。。。。。。。。。。。。。。'), (22, NULL, NULL, '日月汉堡', '品中食尚', 'https://ss2.bdstatic.com/70cFvnSh_Q1YnxGkpoWK1HF6hhy/it/u=1465539929,648057681&fm=26&gp=0.jpg', 'undefined'), (23, NULL, NULL, '瓦香鸡米饭', '品中食尚', 'https://ss1.bdstatic.com/70cFvXSh_Q1YnxGkpoWK1HF6hhy/it/u=1428955563,31632970&fm=15&gp=0.jpg', 'undefined'), (25, NULL, NULL, '慕诗客奶茶店', '东湖畔', 'http://img.a1.mvote.net/imgsource/thumwidth_900_FFB3D4FA-E370-CA18-76A1-CB7B6B0BFE22_src.jpg', 'undefined'), (26, NULL, NULL, '豫东特色茄汁面', '西西里', 'http://img.a1.mvote.net/imgsource/thumwidth_900_68806E24-CA1E-6C8D-055A-0694688EB221_src.jpg', 'undefined'), (27, NULL, NULL, '特色泡馍', '西西里', 'http://img.a1.mvote.net/imgsource/thumwidth_900_D0D63BA4-B6DD-3A99-3A21-09C55FD193FF_src.jpg', 'undefined'), (28, NULL, NULL, '金牌烩菜', '西西里', 'http://img.a1.mvote.net/imgsource/thumwidth_900_FABF4334-FFE3-F2DE-2DD9-5526BCBA6A16_src.jpg', 'undefined'), (29, NULL, NULL, '映像大盘鸡水饺', '东湖畔', 'http://img.a1.mvote.net/imgsource/thumwidth_900_9F3BE98B-7F9A-BCFE-D956-6E161EB4729E_src.jpg', 'undefined'), (30, NULL, NULL, '小糠猴西点', '西西里', 'http://img.a1.mvote.net/imgsource/thumwidth_900_4D29F98A-AB2A-D5E0-7E88-651455F4CD2E_src.jpg', 'undefined'), (31, NULL, NULL, '巴蜀石锅饭', '品中食尚', 'http://img.a1.mvote.net/imgsource/thumwidth_900_318FBB9C-DAA8-9085-4E98-9356FC42114F_src.jpg', 'undefined'), (32, NULL, NULL, '御膳叉骨', '东湖畔', 'http://img.a1.mvote.net/imgsource/thumwidth_900_53B71131-8240-C40B-B1CD-C6C364FE3970_src.jpg', 'undefined'), (33, NULL, NULL, '手工水饺', '西西里', 'http://img.a1.mvote.net/imgsource/thumwidth_900_B0D7787A-9B72-099A-3F95-0C8AAAE404FA_src.jpg', 'undefined'), (34, NULL, NULL, '重庆旋转小火锅', '西西里', 'http://img.a1.mvote.net/imgsource/thumwidth_900_803CD9CA-B477-F96C-A9EE-622E6EDABEF3_src.jpg', 'undefined'), (35, NULL, NULL, '大碗面@粉', '西西里', 'http://img.a1.mvote.net/imgsource/thumwidth_900_EDB34915-2FAD-5ED1-0F3B-B563D62C34FA_src.jpg', 'undefined'), (36, NULL, NULL, '正新鸡排', '西西里', 'http://img.a1.mvote.net/imgsource/thumwidth_900_9FB83B05-C4AB-D45F-6D88-5A150F0429F2_src.jpg', 'undefined'), (38, NULL, NULL, '炒天下', '品中食尚', 'http://img.a1.mvote.net/imgsource/thumwidth_900_3403EE59-8878-5346-DEF1-98100CC99F6D_src.jpg', 'undefined'), (39, NULL, NULL, '港式铁板饭', '西西里', 'http://img.a1.mvote.net/imgsource/thumwidth_900_97829A4D-CE62-85FC-648F-36BAACA0C260_src.jpg', 'undefined'), (40, NULL, NULL, '抹茶小铺', '西西里', 'http://img.a1.mvote.net/imgsource/thumwidth_900_B94C1C72-F422-E436-EE9E-0863A5F40F21_src.jpg', 'undefined'), (41, NULL, NULL, '营养套餐', '品中食尚', 'https://ss2.bdstatic.com/70cFvnSh_Q1YnxGkpoWK1HF6hhy/it/u=2075358348,4049359548&fm=26&gp=0.jpg', '菜品鲜美，种类齐全，欢迎品尝'), (42, NULL, NULL, '鑫龙福麻辣烫', '品中食尚', 'https://ss2.bdstatic.com/70cFvnSh_Q1YnxGkpoWK1HF6hhy/it/u=1921170188,3786747604&fm=26&gp=0.jpg', '碗碗健康能喝汤！'), (43, NULL, NULL, '洛小微蛋包饭', '品中食尚', 'https://ss0.bdstatic.com/70cFvHSh_Q1YnxGkpoWK1HF6hhy/it/u=2523665323,1010656493&fm=26&gp=0.jpg', '恋爱可以慢慢谈，肉必须趁热吃！'), (44, NULL, NULL, '八元套餐饭', '品中食尚', 'https://ss0.bdstatic.com/70cFuHSh_Q1YnxGkpoWK1HF6hhy/it/u=2194914406,4245950680&fm=26&gp=0.jpg', '选用优质大米，新鲜蔬菜，用心为学生服务！'), (45, NULL, NULL, '手工大馅水饺', '品中食尚', 'https://ss1.bdstatic.com/70cFvXSh_Q1YnxGkpoWK1HF6hhy/it/u=1952477450,98316335&fm=26&gp=0.jpg', '饺子吃手工的才更温暖。'), (46, NULL, NULL, '网红焖饭', '西西里', 'https://ss3.bdstatic.com/70cFv8Sh_Q1YnxGkpoWK1HF6hhy/it/u=2789871819,3364242076&fm=26&gp=0.jpg', '将美食进行到底~~ 用十分的努力品尝十二分的美味!!'), (47, NULL, NULL, '山西老面馆', '品中食尚', 'https://ss1.bdstatic.com/70cFuXSh_Q1YnxGkpoWK1HF6hhy/it/u=1709482371,1180362356&fm=26&gp=0.jpg', '汤面拌面油泼面，面面俱到。'), (48, NULL, NULL, '关中秦味老碗面', '品中食尚', 'https://ss1.bdstatic.com/70cFuXSh_Q1YnxGkpoWK1HF6hhy/it/u=1499334468,1653613055&fm=26&gp=0.jpg', '劲道、鲜香、健康、过瘾'), (49, NULL, NULL, '兰州拉面', '西西里', 'https://ss0.bdstatic.com/70cFvHSh_Q1YnxGkpoWK1HF6hhy/it/u=2304803005,1265425127&fm=26&gp=0.jpg', '质量在我手中，顾客在我心中！努力服务好每一位顾客！'), (50, NULL, NULL, '兰州马记牛肉拉面', '品中食尚', 'https://ss2.bdstatic.com/70cFvnSh_Q1YnxGkpoWK1HF6hhy/it/u=3262716272,3863802508&fm=26&gp=0.jpg', '匠心之作，面中情怀'), (51, NULL, NULL, '老地方自选餐', '品中食尚', 'https://ss2.bdstatic.com/70cFvnSh_Q1YnxGkpoWK1HF6hhy/it/u=1878154149,1901968271&fm=26&gp=0.jpg', '餐品齐全，种类多样，让你在学校就可以享受满汉全席'), (52, NULL, NULL, '麻辣香锅', '品中食尚', 'https://ss3.bdstatic.com/70cFv8Sh_Q1YnxGkpoWK1HF6hhy/it/u=369596895,1584018636&fm=26&gp=0.jpg', '菜品齐全，麻辣鲜香，用心缔造每一餐。'), (53, NULL, NULL, '脆皮鸡饭', '品中食尚', 'https://ss2.bdstatic.com/70cFvnSh_Q1YnxGkpoWK1HF6hhy/it/u=2853645906,1249624346&fm=26&gp=0.jpg', '老牌饭店，欢迎新老学生前来品尝'), (55, NULL, NULL, '专家事业部', '品中食尚', 'https://ss3.bdstatic.com/70cFv8Sh_Q1YnxGkpoWK1HF6hhy/it/u=1861844910,2436645019&fm=26&gp=0.jpg', '用心做好每一份餐品。'), (56, NULL, NULL, '龙门花甲', '品中食尚', 'https://ss0.bdstatic.com/70cFuHSh_Q1YnxGkpoWK1HF6hhy/it/u=3214251347,2921164935&fm=26&gp=0.jpg', '鲜鲜鲜！最好吃的花甲刺激你的味蕾！'), (57, NULL, NULL, '陕西风味', '品中食尚', 'https://ss0.bdstatic.com/70cFuHSh_Q1YnxGkpoWK1HF6hhy/it/u=750831680,4191311502&fm=26&gp=0.jpg', '和家人一起分享吧'), (58, NULL, NULL, '天下好面', '西西里', 'https://ss0.bdstatic.com/70cFuHSh_Q1YnxGkpoWK1HF6hhy/it/u=2645131606,3358785172&fm=26&gp=0.jpg', '天下好面（白象食品） 好吃不贵，有你们的支持和信任，我们会更加努力，一生只为做好一碗面'), (59, NULL, NULL, '资溪面包', '商业街', 'https://ss0.bdstatic.com/70cFuHSh_Q1YnxGkpoWK1HF6hhy/it/u=3796932419,2037575673&fm=26&gp=0.jpg', '源于面包之乡面包就要吃现做的'), (60, NULL, NULL, '稻粔茶泡饭', '西西里', 'https://ss1.bdstatic.com/70cFuXSh_Q1YnxGkpoWK1HF6hhy/it/u=3165277108,2377232411&fm=26&gp=0.jpg', '青春没有失败，比赛赢的是自己');
COMMIT;

-- ----------------------------
-- Table structure for user
-- ----------------------------
DROP TABLE IF EXISTS `user`;
CREATE TABLE `user`  (
  `uid` int(10) UNSIGNED NOT NULL AUTO_INCREMENT,
  `uname` varchar(20) CHARACTER SET utf8mb4 COLLATE utf8mb4_0900_ai_ci NOT NULL,
  `unickname` varchar(6) CHARACTER SET utf8mb4 COLLATE utf8mb4_0900_ai_ci NOT NULL,
  `usex` char(1) CHARACTER SET utf8mb4 COLLATE utf8mb4_0900_ai_ci NOT NULL,
  `upwd` varchar(20) CHARACTER SET utf8mb4 COLLATE utf8mb4_0900_ai_ci NOT NULL,
  `uimg` varchar(50) CHARACTER SET utf8mb4 COLLATE utf8mb4_0900_ai_ci NOT NULL,
  PRIMARY KEY (`uid`) USING BTREE,
  UNIQUE INDEX `uname_unique`(`uname`) USING BTREE
) ENGINE = InnoDB AUTO_INCREMENT = 2 CHARACTER SET = utf8mb4 COLLATE = utf8mb4_0900_ai_ci;

-- ----------------------------
-- Records of user
-- ----------------------------
BEGIN;
INSERT INTO `user` VALUES (1, 'root', 'GaoQin', '男', 'gaowujie', '/public/img/profile/25.jpg');
COMMIT;

-- ----------------------------
-- Table structure for user_like
-- ----------------------------
DROP TABLE IF EXISTS `user_like`;
CREATE TABLE `user_like`  (
  `_id` int(10) UNSIGNED NOT NULL AUTO_INCREMENT,
  `uid` int(10) UNSIGNED NOT NULL,
  `sid` int(10) UNSIGNED NOT NULL,
  PRIMARY KEY (`_id`) USING BTREE,
  UNIQUE INDEX `uid`(`uid`, `sid`) USING BTREE
) ENGINE = InnoDB AUTO_INCREMENT = 30 CHARACTER SET = utf8mb4 COLLATE = utf8mb4_0900_ai_ci;

-- ----------------------------
-- Records of user_like
-- ----------------------------
BEGIN;
INSERT INTO `user_like` VALUES (29, 1, 1), (2, 1, 5);
COMMIT;

-- ----------------------------
-- Table structure for user_shopcar
-- ----------------------------
DROP TABLE IF EXISTS `user_shopcar`;
CREATE TABLE `user_shopcar`  (
  `_id` tinyint(3) UNSIGNED NOT NULL AUTO_INCREMENT,
  `uid` int(11) NOT NULL,
  `sid` int(11) NOT NULL,
  `mid` int(11) NOT NULL,
  `shopname` varchar(30) CHARACTER SET utf8mb4 COLLATE utf8mb4_0900_ai_ci NOT NULL,
  `mname` varchar(20) CHARACTER SET utf8mb4 COLLATE utf8mb4_0900_ai_ci NOT NULL,
  `price` decimal(10, 2) UNSIGNED NOT NULL,
  PRIMARY KEY (`_id`) USING BTREE
) ENGINE = InnoDB CHARACTER SET = utf8mb4 COLLATE = utf8mb4_0900_ai_ci;

-- ----------------------------
-- Records of user_shopcar
-- ----------------------------
BEGIN;
COMMIT;

SET FOREIGN_KEY_CHECKS = 1;
